source,source_url,raw_text,company_guess,role_guess,submitted_at
reddit,http://reddit.com/r/csMajors/comments/1l6p2e7/google_interview_experience_swe/,"Google Interview Experience SWE

It's been 2 months since I joined Google, and I would like to thank the community by sharing my interview experience with Google (SWE New Grad)
July 2024: Applied for Google
October 1st 2024: Online Assessment
October 3, 2024: The recruiter reached out to me and mentioned that I need to schedule my interview on or before October 31st. I have scheduled my interview for October 31st.
Preparation: I have solved NC150 which has helped me to prepare for the interviews. But, I need to practice more problems for DP, Trees, and Graph concepts. Hence, I started to refer to the TakeUForward set of problems on YouTube. I have scheduled a mock interview every other day to practice my communication.
Round 1: Behavioral interview. Nothing fancy, Just the standard set of behavioral questions you expect in an interview
Round 2: I was asked a DP problem, and I kind of fumbled a bit, just because I was stressed for no reason. The interviewer was friendly. He described the scenario, and I asked some clarification questions. Later, when I asked for a testcase, the interviewer suggested I come up with my own testcase. I explain the approach, and the interviewer gave me the green signal to code the problem. After coding the solution, I had dry run the code with my testcase. The interviewer gave me a different test case, which I had to adjust the solution a bit. Then the interviewer asked me a follow-up question, which I managed to solve in the last minute. After that, we discussed the time complexity and space complexity.
Round 3: Hard backtracking problem. The interviewer was not as friendly as the first one. Initially, I thought it was a math problem and started to think on that ground. But later, the interviewer modified the question a bit, and then I thought it is a backtracking problem. The interviewer suggested I come up with a testcase and the output as well. This helped me to build the logic for the problem. After 20 minutes of discussing and thinking, I started to code the solution. I should have asked more questions on the input format, which would have saved some time. Anyways, I managed to solve the problem in the last minute and messed up the time complexity.
Round 4: Easy medium hashmap and heaps problem. My favorite interviewer was among all the rounds. Understood the question within 10 minutes and coded the problem in 10 more minutes. We had a verbal discussion of follow-ups, and the interview was done in 30 minutes. I was just asking some questions about some interesting projects that he is working on at Google
November 11: Got an email from my recruiter that I passed the interviews
For the next 4 months, I was stuck in a team match phase. I was frustrated as I hadn't received any call.
Feb 28, 2025 - March 10 2025: Got 4 TM calls from Boulder. Just some random questions regarding your resume. You can ask about the projects that the team is working on, the ,culture etc. Managers just go with the vibe check. If you think you are interesting, then they will extend the offer.
March 21, 2025 - Got an update from my recruiter that I got matched on my 4th TM call
April ,7 2025 - From [gmail.com](http://gmail.com/) to [google.com](http://google.com/)",Google,SWE New Grad,2025-06-08T22:42:42+00:00
reddit,https://www.reddit.com/r/csMajors/comments/1qu773e/google_interview_experience/,"Google Interview Experience

Hello everyone,
I did my Google onsite interview about 10 days ago and Iâm still waiting for the result. While waiting, I thought Iâd share my experience, hoping it might help someone else who is going through the same process.
Behavioral Round
This was fairly standardâmostly regular behavioral questions similar to what many people have already shared online.
Technical Round 1
This was an OOD-style question. Iâd say the difficulty was around Medium. I first coded a brute-force solution with O(n log n) time complexity, then optimized it step by step to O(1). There was one follow-up question based on the optimized approach. The interviewer seemed very happy with my approach.
I received the âmove to next stageâ update the next day.
Technical Round 2
This was also an OOD-style question. The problem itself was not difficult, but I didnât perform as well as I hoped. This was my first onsite interview, and I got quite nervous. I forgot to clarify edge cases and started coding right away.
I made a few small mistakes (for example, returning the wrong value), and the interviewer had to hint me along the way. That said, I ended up with a clean solution and answered all the follow-up questions. Still, I believe the lack of early edge-case discussion might be the âkillerâ for this round.
Technical Round 3
This round went quite well (in my opinion), especially after I calmed down. It was a graph question involving recursion, probably Medium difficulty. I answered all follow-ups and discussed all the edge cases I could think of.
Final Thoughts
For anyone preparing for interviews: beyond just getting the correct solution, make sure to clearly discuss possible inputs, outputs, and edge cases before and during coding. Communication really matters.",Google,,2026-02-02T20:48:47+00:00
reddit,https://www.reddit.com/r/csMajors/comments/1t6j3rr/google_early_career_round_2_onsite_interview/,"Google Early Career Round 2 Onsite Interview Experience

Hi, all! I wanted to talk a bit about my experience interviewing at Google and see if anyone had any feedback / predictions to give on my outcome. I applied for the Early Career Campus role and recently had my onsite interviews.
Technical I: This round, I'm not so sure about. My interviewer seemed nice and we had a good conversation before the interview started. On the one hand, I was able to come up with the right data structure to solve the problem on my own, gave the interviewer my plan, and I was able to code it up independently for the most part. I talked through my code the whole time and I asked a few clarifying questions about the problem I was given, so I think my communication overall was good. What I'm worried about is the fact that I had a couple bugs at the end that I didn't notice which my interviewer pointed out. I was able to fix them easily. Another issue I had is that while I was able to come up with the right algorithm to code, I named it wrong when the interviewer asked me about it. I also got a characteristic about my data structure wrong when asked about it, which was the cause of one of my bugs (that I eventually fixed). My personal prediction for this round is a Lean No Hire.
Technical II: I think this round went pretty well. My interviewer seemed really excited throughout the whole interview. I was given the question and was able to come up with the solution fairly quickly. I started out with giving my interviewer my plan, which they agreed with, and some explanations for why I planned to create my code in that way. I made sure to ask clarifying questions about the problem and spoke about what I was doing with each line of code, so I think my communication here was good as well. I had a minor bug inside of a slightly complicated loop, but my interviewer pointed it out and also outright said that there was no way to make this loop less complicated and that I was on the right track. I was able to finish with enough time to ask quite a few questions at the end, unlike with my first interview. My personal prediction for this one is a Hire/Strong Hire.
I'm a little anxious, and I would really appreciate hearing opinions about how I did with my interviews from you guys as well as predictions for the outcome. For my first round, I'm pretty sure I got a Hire on the Googleyness and a Lean Hire/Hire on the Technical Round.",Google,Early Career,2026-05-07T18:29:37+00:00
reddit,https://www.reddit.com/r/csMajors/comments/1uksrin/i_need_advice_on_my_google_intern_interview/,"I need advice on my Google Intern Interview

Had my Google interview today and honestly feeling pretty mixed about it.
I was able to come up with the initial approach for the problem and communicated my thought process throughout the interview. However, the interviewer introduced additional constraints and follow-up requirements, and I struggled to optimize my solution further.
I also took more time than I would have liked while coding and needed a bit of help with language syntax/implementation details, although the overall approach discussion was mostly driven by me. I kept explaining my reasoning, asked clarifying questions whenever needed, and regularly checked if I was on the right track. The interviewer did mention that my approach was correct so far.
What is bothering me now is that I feel I could have performed much better. Looking back, I can see where I could have improved, but under interview pressure I wasnât able to put everything together as efficiently as I wanted. Also I explained my optimal approach as while i started the interviewer followed up with the heavy constraints and I tell him in parts about my optimal approach at the end and he says Cool that will work but since 45mins ended he says we canât disuse more as he gave 4mins extra to me to explain my code i came up with the time complexity and space complexity correctly.
For people who have interviewed at Google or other top companies: how much does slower implementation or needing a few hints hurt your chances if communication and problem-solving discussion were decent or would say good?
Would appreciate brutally honest opinions. Trying to understand whether this sounds like a borderline performance or a likely reject. Taking into account that it is an eliminatory round also i was not givem much time to prepare
PS : He was little introvert guy not much engage but was patient and helpful
L4 at Google here. Not answering all the followups is normal and expected especially for an intern candidate. The way you're talking about the interview it sounds like you did a good job but it's impossible to say without having been there. The unfortunate reality is there are more Google qualified candidates than positions at Google.",Google,Intern,2026-07-01T17:50:46+00:00
reddit,https://www.reddit.com/r/csMajors/comments/1opdel4/microsoft_interview_experience_azure_team_got/,"Microsoft Interview Experience (Azure Team) - Got Rejection Today!

Hey guys, just wanted to share my Microsoft interview experience so others can relate or maybe give me some feedback.
I got an online assessment (OA) a while back and then an interview invite for the Microsoft Azure team. My interviews were on Monday, October 27th. There were 3 rounds total, all on the same day. Mostly coding and a few behavioral questions in between.
Each round had one coding question:

* Two were medium-level LeetCode type problems
* One was easy-level All questions were fair, nothing crazy hard. I was able to code, explain my thought process, and run most test cases fine.

Interviewers were nice and gave me time to think. I actually felt it went well overall.
Then today (Wednesday, Nov 5th), I got the rejection email. It said my overall feedback was positive but the team didnât select me for an open position. They mentioned theyâd share my feedback with other teams for similar roles, so I guess thatâs something, but still hurts.
Not sure what exactly went wrong. Maybe I missed some edge cases or didnât explain something clearly. If anyone here has been through the same or knows how Microsoft usually evaluates new grads, Iâd really appreciate any advice.
Just wanted to start this as a thread for others who are also interviewing with Microsoft (2025â2026 start). Feel free to share your timelines, OA questions, or interview experiences. Letâs help each other out.
Also, Iâm an international student, so any advice from others in the same boat would really help too.",Microsoft,Intern,2025-11-05T19:59:01+00:00
reddit,https://www.reddit.com/r/cscareerquestions/comments/1piop5p/tough_amazon_oa/,"Tough Amazon OA

Tough Amazon OA
As of the discussion section, multiple people confirmed that Amazon selected this question as OA: https://leetcode.com/problems/minimum-time-to-complete-all-deliveries/description/?envType=company&envId=amazon&favoriteSlug=amazon-thirty-days
Not a typical trivial OA question, or maybe I am just too noob. What's the likelihood of encountering OA of this difficulty",Amazon,,2025-12-10T00:50:12+00:00
reddit,https://www.reddit.com/r/csMajors/comments/1s9z862/amazon_sde1_interview_experience_india_2026_oa_3/,"Amazon SDE-1 Interview Experience (India, 2026) â OA + 3 Rounds + Bar Raiser [Offer]

Hi everyone,
I am a 2025 graduate. I recently went through the Amazon SDE-1 interview process and wanted to share my complete experience. The process was quite intense and stretched over ~1 month.
Job Id - 3100855
Timeline
- OA: 16th Feb
- Interview scheduling call: 27th Feb
- Round 1 & Round 2: 5th March (Zoom)
- Round 3: 12th March (Zoom)
- Round 4 (Bar Raiser): 19th March (Zoom)
- Offer Call: 1st April (~7-8 business days)
Online Assessment (OA) - 16th February
(Standard Amazon OA â nothing unusual)
- 2 DSA questions
- Focus on problem-solving + edge cases
- Cleared it and got interview call after ~10 days
Round 1 (DSA + Behavioral)- 5th March
Interviewer: SDE 2
Questions:
â¢ 1 DSA question (medium level â Two Pointer)
â¢ Followed by behavioral:
â¢ âTell me about a challenge you facedâ
â¢ Deep dive into the situation
My Approach:
â¢ Explained brute â optimized approach
â¢ Did dry run
â¢ Answered behavioral using STAR
Outcome:
Smooth round, interviewer seemed satisfied.
Round 2 (DSA + LP) - 5th March
This was the most interesting and slightly tricky round.
Part 1: Behavioral
â¢ Ownership-related question
â¢ Challenge under pressure
â¢ Deep follow-ups:
â¢ âWhat exactly did YOU do?â
â¢ âWhy did you take that decision?â
Part 2: DSA
Q1: Heap-based problem
â¢ Solved correctly
â¢ Some follow-up conceptual questions on heap
â¢ Missed 1â2 deeper theory questions
Code was correct, but not perfect on theory
Q2: Binary Search type problem
â¢ I initially suggested optimal (binary search)
â¢ Interviewer asked for brute force instead
I struggled initially with brute force thinking
Interviewer guided and said:
âLetâs treat this as a normal discussionâ
â¢ Eventually explained recursive approach clearly
â¢ Didnât fully code due to time, but explained logic properly
Interviewer said:
âNo need to code Iâm fine with the explanationâ
Outcome:
Mixed feelings â not perfect, but not a fail either.
Round 3 (DSA + GenAi) - 12th March
Questions:
â¢ Binary Tree problem (\~Burning Tree)
â¢ Two pointer problem (Min Platform Req)
My Approach:
â¢ Clear explanation
â¢ Solved both fluently
â¢ Explained complexity and did dry run
Extra Discussion:
â¢ GenAI / real-world experience
â¢ Discussion about projects and implementation
This round went very well
Round 4 (Bar Raiser) - 19th March
Only behavioral (Leadership Principles)
Questions:
â¢ Ownership
â¢ Disagreement with senior
â¢ Failure
â¢ Customer Obsession
â¢ GenAi Fluency
My Strategy:
â¢ Used STAR format
â¢ Very structured answers
â¢ No âwe didâ¦â â always âI didâ¦â
Interviewer said âawesomeâ twice, which felt like a good signal
Offer Call - 1st April
I got a call at 5:17pm from an unknown number (not even international) at a time when I had almost lost all hope. After going through countless Reddit posts about people getting ghosted after the final round, I had mentally prepared myself for the worst.
And then came that moment.
On the call, I heard the words I had been waiting for:
âWe have received the feedback, and it is positive.â
For a second, everything just paused.
All the waiting, the overthinking, the self-doubt â it all made sense in that one line.
âSometimes, it all comes together when you least expect it.â
Overall Experience
â¢ Amazon heavily focuses on:
â¢ Leadership Principles
â¢ Structured thinking
â¢ Ownership mindset
â¢ DSA is important, but:
Behavioral round can make or break
Key Learnings
Donât ignore behavioral prep
Always structure answers (STAR)
Ownership > task completion
If stuck in DSA, communicate clearly
Bar Raiser cares about:
â¢ clarity
â¢ ownership
â¢ learning from mistakes
Final Thoughts
Overall, a great learning experience. Amazon interviews really test how you think, not just what you know.",Amazon,SDE-1,2026-04-01T22:14:36+00:00
reddit,https://www.reddit.com/r/csMajors/comments/1omwy0m/meta_final_loop_interview_swe_intern_summer_2026/,"Meta Final Loop Interview SWE Intern Summer 2026

Hey any tips on how to best prepare for my upcoming final loop/round live technical interview at meta, I heard they usually take from the LC tagged but any tips or advice would be greatly appreciated!",Meta,SWE Intern,2025-11-02T23:57:56+00:00
reddit,https://www.reddit.com/r/csMajors/comments/1ny1kdq/goldman_sachs_oa_is_hell/,"Goldman Sachs OA is Hell

I genuinely have never gotten anything that difficult in my life for an oa, maybe because they selected me for a quant role but the questions I got were genuinely insane. Not to make anyone feel discouraged I know the questions are random and others have said theirs felt like leetcode esasy or mediums but mine was definitely not that. I applied for other roles besides risk and quantitative strats but I doubt Iâll be receiving a hirevue from them",Goldman Sachs,Quant,2025-10-04T18:28:14+00:00
reddit,https://www.reddit.com/r/csMajors/comments/1qn98jk/microsoft_sde2_full_loop_positive_feedback_but_no/,"Microsoft SDE2 Full Loop: Positive Feedback but No Immediate Match â Whatâs the Typical Timeline?

Hello everyone,
I recently completed the full interview loop for a Microsoft SDE 2 hiring event for US team. The recruiter informed me that while I didnât match the immediate hiring requirements for the role, the feedback was positive and my interview record will be visible to other hiring managers who are currently hiring. I was also told that this feedback remains valid for six months.
Has anyone here gone through a similar situation at Microsoft? If so, what does the typical timeline look like, and how often do candidates end up getting matched with a team afterward?
Thanks in advance for any insights.",Microsoft,SDE 2,2026-01-26T07:14:19+00:00
reddit,https://www.reddit.com/r/csMajors/comments/1pq0d8p/my_big_tech_internship_interview_exp_and_vibe/,"My Big Tech internship interview exp and vibe coding concern (please give feedback)

I recently interviewed for an intern role at a tech giant everyone knows. The experience was a rollercoaster, and I wanted to get your thoughts on how it ended.
The Process:
Leetcode: Mixed JS/React questions (Medium/Hard). Got shortlisted for the final round.
The Panel: Three engineers (1 Senior, 2 Mid/Junior). One-hour session.
I performed well on the behavioral questions, but my concern lies on the technical part. They asked me to show any recent personal projects. The role was more focused towards web development so I showed them my latest web project, which to my understanding impressed them because the idea of the application was excellent (their words not mine), and it solves a real problem, I was able to show that it would have actual users using it.
They asked about the core features of the application, and how i implemented them, why i put these features and how it helps solve the problem, some business logics, and future improvements. How I did testing for it and all that. This part i was able to answer confidently as well.
The problem was when they told me to open up the source code and asked questions from the codebase, now this project has been going on for quite a long time and has a huge codebase, which I built by vibe coding. Mostly the code was written by copilot so i just trusted it to write clean code. I never bothered to look at the codebase until there was an error it couldn't fix. I was able to answer some of the questions when I was asked, like how do you manage state, how is the data being passed on, which backend services are running, api calls being made, database schemas etc.
But the senior software engineer present in the interview probably didn't like the way i structured the code, because he saw some copilot spitted codebase, which wasn't well structured, did not have good scalability and maintainability. I didn't care about these stuff when i was making this project, because all i wanted to do was just have the project done and working.
And from there the interview took a downhill where i was not able to answer a lot of stuff because of my limited knowledge of which file did what. The junior engineers did help me out on how to find it, and helped me answer, they even told me to use the copilot. But i guess the senior was not satisfied with it. Then the interview ended, with an impression of me not knowing how I made my project. I'm not saying I couldn't explain anything but some of the questions I had to answer that ""I am unsure, but this is how I would figure it out [proceeds to use copilot chat]"", simply because I hadnt gone thru the project files in a long long time. And because of being unfamiliar with the code given, I struggled to explain why copilot gave shitty code logics that dont make sense.
I guess I gave him high hope with the project demo, but then couldn't answer all the questions related to the codebase. The next candidate comes to the room and shows his project, and I overheard the senior asks him ""tell me this first, did you vibe code this?"" to which he replied ""yes"" and the senior started talking about how in his time there was no AI and they learnt it the hard way. How our generation will never have the knowledge depth that they have because we rely too much on AI.(i kinda agree with him) I talked with the candidate after me, and he said that the senior was kinda pissed by this vibe coding and not knowing whats going on because he faced the same thing XD. I guess i should have shown a simpler project with lesser files, and more familiarity.
The country that I am in, they usually do not do these type of interviews in final round for an INTERN position. The max I've seen was to solve leetcode [medium/hard] questions upfront and explain your thinking process, DSA questions, or building mini apps, fixing faulty code.
No hate towards the senior, he was a fun guy to talk with. I'm not here to rant about why he said what he said.
Now, I would like to know from you all, any thoughts on this? Be brutally honest as possible, was I wrong in what I did? Did i absolutely fail the interview cus of this? I acknowledge that I should have been able to understand all my code from the get-go, but I wasn't aware they would go thru my codebase like this, else I would have prepared. But to me it seemed too much for an intern position.",,Intern,2025-12-18T19:51:49+00:00
reddit,https://www.reddit.com/r/csMajors/comments/1pr0zz3/horrible_interview_experience/,"Horrible interview experience

Just had an interview for an swe internship where they asked conceptual questions about Java. The interviewer first asked me to rate my knowledge on a scale from 1 to 10 on each of the topic. They also said that itâs be okay if I clarify when Iâm not sure for any questions. Then, they asked me a question regarding what data structure I would use to implement a Hash Map. I think the interviewer couldâve been frustrated since I discussed some data structures before saying an ArrayList. Following that, they asked me a question about multi-threading and thread safety. I said that I donât know since Iâm not sure about it. Then they ended the interview early and said that I was not fit for the role. (it had only lasted 15 minutes so far, even though it was originally scheduled to be 45-60 minutes)
Wtf was that interview? And should I expect non-leetcode interviews to turn out like this moving forward? I honestly didnât expect the interview to be like this, and I felt like I didnât have the full opportunity to demonstrate my knowledge.",,SWE Intern,2025-12-20T00:40:32+00:00
reddit,https://www.reddit.com/r/csMajors/comments/1nq4oyn/first_internship_interview_and_i_was_given_an/,"First internship interview and I was given an offer! (Big tech)

Well I'm a 3rd yr Comp Sci + Software Engineer student and the Internship role I acquired was ""Software Developer 6 month internship position"" (or smth similar to that)
Questions asked is a hard one as I had a different experience to different applicants that I know as CV's were passed around internally to different teams and if a team was interested in you, they would interview you personally. I had 4 different interviews from 4 different teams and eventually went to the 2nd stage with two teams and got offered a place on each but could only pick one!
Technical / coding assessment questions I unfortunately cant give out specifics on as I did have to sign an NDA but it wasnt anything crazy, maybe 1 leetcode medium and one hard medium / easy hard leetcode. (sorry if that didnt make sense)
Over the Summer I was lucky enough to get a QA role by originally doing some volunteer playtesting work, and the company was fairly small and impressed by my process and documents that they just made up an internship on the spot for me! It was in the game industry so I was basically just playing a game over and over while tryna break stuff and looking at what was added in new patches etc to try and test. (this is a dumbed down overview, as there was a whole process to things but this is as simple as I can put it)
Then outside of that, I just worked on projects. My fav and most recent was a realtime AI league of legends coach, where I made my own dataset from a simple for loop with some randomness, trained the AI off that and then compared results from AI v Ruleset.
If theres anything more u can reply to this as Im not the best at this and I was in your position fairly recently so I get it",,Intern,2025-09-25T11:53:42+00:00
reddit,https://www.reddit.com/r/csMajors/comments/1b9dcte/first_ever_internship_interview_experience/,"First ever internship interview experience - College Junior

Felt like sharing this because I honestly don't know how to reflect on this experience and or if I approached anything wrong.
I was reached out to by a company I applied for a bit over a month ago for an interview for an SWE internship position. The only available time for the meeting was within 24 hours and I agreed. I spent the rest of the day and the following morning reviewing basic technical questions, general behavioral questions etc. I felt pretty confident going into the interview. One thing to note was that when I went to re-read what the position was that I was applying for, it was taken down and I couldn't access my application as it was locked, which was a bit concerning.
It was a 30 minute zoom interview which was scheduled with the manager of the department I was applying for and 3 other engineers on the team.
Because it was a 30 minute interview, I assumed it was just a screening--which it was, but since it was over zoom I still obviously dressed well and turned my camera on etc. I join the meeting a minute before the start time, and slowly waited for people to join. Took a few minutes, but before we started I realized I was just staring at myself and no one had their cameras on. Again, this is my first ever interview, so I don't know if this is normal? It felt extremely awkward from the get go.
They ask me some background about myself, why I'm interested in their company, which I genuinely was; it's an aerospace company, and I actually did my first year of college in aerospace, so it's something I'm relatively passionate about.
After finishing that, it was just dead silent for about 30 seconds, and then ""Well, okay, can you explain one of these projects on your resume?"" Which I then proceeded to do, and explained the lifetime of the project, its goals and outcomes, challenges I faced and how I solved them etc.
For context, the project was a real-time album art displayer that was built with python and JavaScript which used an LED matrix and a Raspberry Pi, synchronized with Spotify through the Developer API. (There's more to the project, but that's really the only software integrated with hardware project I'd worked on so far, everything else is just purely software).
I expressed a lot of interest in this project and was genuinely hoping for some reaction to it but again there was no visual cues as to what was going on, so I just sat there waiting for someone to ask something, which after a while was only asked if I'd worked on anymore projects with physical hardware implementation which I reluctantly responded with ""No, this was the first experience I'd had with it"" etc.
I then explained another project I had done which was a website I built for my photography portfolio (side hobby / job of mine) using HTML, JS, MySQL, PHP and CSS. This was only responded to with, ""Well it's good that you also do your own projects too."" After that, I was asked ""What's your favorite and least favorite part about Computer Science?"" This felt so... broad? I genuinely tried to give a good answer, saying I really enjoy building things with software that you can then interact with physically, but stumbled on what my ""least favorite part"" about CS was.
Then I was asked, ""Do you know any legacy languages"" which I do not. So I responded with ""No, that's not something I've delved into myself, and along my college career we've only used more modern languages"".
Awkward pause, then turned it to me to ask questions. I asked some things about what it's like interning for them, what kind of tasks you take on, how do you work as a team as an intern, and if there were any projects that they'd worked on that they found interesting (not sure if I should of asked the last one). Basically, the manager had to keep ""poking"" them by saying things like ""Do you guys want to chime in and answer?"" to which I got pretty bland responses like ""Yea we work as a team and there's always people you can talk to"".
After that it wrapped up, I said thank you etc. and they said ""Alright, well that's about it. Bye."" and left.
I know this is an extremely lengthy post but I just cannot get it off my mind. It just felt so awkward, like they really did not care at all, and I really do feel like I had to have messed something up. They didn't ask any technical questions, and said they mostly work LabVIEW and... don't really program much so that was interesting.
I don't know how to feel in all honesty. Just felt like getting it off my chest because I haven't been able to stop thinking about it since the meeting earlier today. I don't really expect to hear anything worthwhile back, and it was a good learning experience, but man I really just feel like I somehow flopped.",,SWE Intern,2024-03-08T03:03:20+00:00
reddit,https://www.reddit.com/r/csMajors/comments/sovvjn/two_dream_offers_interview_experience/,"Two dream offers!! + Interview experience

Hi everyone! I got swe intern offers from Facebook, Palantir and a few others (AMZN, Salesforce etc)
Since I owe a lot to this community, here is my experience.
A little bit about my profile: CS from top 10 uni Graduating next year Gpa: 3.75 LC count 200+ (mostly mediums and hards) 2 bigN internships
The first thing I did prior to preparing for the interviews was to delete all my social media accounts (reddit, fb, twitter etc) so that I can concentrate on classes and leetcode.
AMZN, Salesforce, are very similar to what others have posted and they were very easy to be honest. Salesforce is team dependant and I am sure it helped me a lot as my interviewer was from my university lol.
Facebook: 1 phone and 1 tech. Both had two leetcode questions each and the questions were straight from fb list on Leetcode. Very easy interview. In the remaining 15-20 mins in the second interview, we discussed about one of my projects and how we could scale it. My questions revolved around graphs, and priority-queues.
Palantir: loved the interview process!
Round 1 was a karat round. 3 mcqs and 3 medium LCs in one hour. This was followed by a phone round with a recruiter. I prepared for this round by talking to a Palantir engineer that I connected with on LinkedIn. There are very few publicly available resources that tell us what palantir does and most people on Reddit csmajors have no idea about the company. So talking to an engineer seemed like the best thing to do. The recruiter asked about why palantir, what my career goals are and how being a part of palantir can help me achieve my goals.
Next was two tech rounds. One was an lc medium/hard round and another was a system design round. Both rounds had a few non technical questions too (what are my interests). For system design, I gave a high level design first, then talked about how I will be storing and managing data (the advanced database design class that I had taken helped a lot here lol). I focussed on how the user will use this software and designed everything around it. Prepared from the system design section in cracking the coding interview and a few other online articles.
Finally, I had a hiring manager round which was the toughest part of the process. Had to design a data structure to solve a problem (this was a hard question, not lc style though). And this could have multiple correct answers and I had to justify why I was doing something. There were also discussions about my past internship work and personal projects.
I have decided to join Palantir this summer. I am grateful for receiving these offers!
To all those looking for their internships, you can do it! Keep grinding, stay focussed and all the best!",Meta,SWE Intern,2022-02-10T03:07:53+00:00
medium,https://medium.com/@sumitpardhiya/google-interview-experience-sde-1-6648c12c1658,"I recently had the opportunity to interview with Google for a software engineering role. Heres a detailed breakdown of my journey and each round of the interview process ??

?? Application & Initial Discussion
I applied through Googles career portal. Two weeks later, I received a call from the recruitment team.
We had a 1520 minute discussion covering:

My background, soft skills, and projects
My current role and salary expectations
Basic fit for the position
After the call, I was asked to fill out a candidate form.
The next day, they explained the complete interview process and shared preparation resources for DSA (Data Structures and Algorithms).
Since Im currently a working professional focused on development, I requested 2 weeks to refresh my DSA fundamentals, which they gladly approved.

After 1.5 weeks, they checked in on my progress and scheduled my Preliminary Phone Screen.

?? Preliminary Phone Screen (45 mins)
Platform: Google Meet
Duration: 45 minutes
Question Type: MediumHard (Trees)
Process:

5 mins ? Understanding the problem
15 mins ? Discussing approach & edge cases
20 mins ? Coding on the whiteboard
5 mins ? Complexity analysis and wrap-up
I handled all edge cases and optimized the code. The interviewer seemed happy and gave positive feedback.

Subscribe to the Medium newsletter
?? Result: Shortlisted for Onsite (Online) rounds.

?? Onsite Interviews (3 DSA Rounds in One Day)
Round 1  DSA (Google Germany)
Topic: Directory structure creation (Design + Edge cases)
Difficulty: Medium
Highlights:
Provided an optimized solution quickly
Explained choice of data structures and handled follow-ups well
Discussed time and space complexities confidently
Couldnt complete a follow-up question due to time but explained the approach clearly
? Outcome: Went very well  interviewer was satisfied.

Round 2  DSA (Google India)
Topic: Complex tricky problem (Graph Problem)
Difficulty: Hard
Highlights:
Started with project discussion
Took 1012 minutes to understand the question properly
Initially gave a suboptimal approach
Found the optimal solution after discussion, but time ran out before full implementation
? Outcome: Couldnt complete coding; interviewer seemed unsatisfied.

Round 3  DSA (Google California)
Topic: Hard problem involving Strings
Difficulty: Hard
Highlights:
Discussed approach thoroughly
Identified failure cases and refined the logic
Wrote complete working code with 10 mins left
Answered most follow-up questions confidently
? Outcome: Interviewer was happy with the overall solution.

?? Final Result
Two weeks later, I was informed that I didnt make it to the next stage.
I believe the second interview was the deciding factor.

?? Reflection
Despite the rejection, the entire process was an incredible learning experience.
I learned:

How structured and professional Googles process is
The importance of clear communication and handling edge cases
The need to stay consistent with DSA even while working on development-heavy roles
Im grateful for the opportunity and looking forward to preparing better for my next attempt ??",Google,SDE,"Oct 17, 2025"
medium,https://medium.com/@shreyagupta_17295/google-interview-experience-l4-c5908bde5aa0,"In this article, I will share my interview experience at Google right from applying to getting the job as SWE-III !

Short Intro about me
I graduated in Electronics Engineering from NIT Bhopal, in 2020. Prior to joining Google, I worked as a Software Developer at Amazon.

                               

Applying for the Job
In July 2023, I recieved a message on LinkedIn from a Recruiter at Google regarding an opportunity in Google. He asked me to share my resume for the same.After reviewing my resume , I was asked for my availability for a phone screening round.

                               

Phone Screening
I received a phone call from a recruiter where I shared my background, work experience and my experience with Data Structures and Algorithms (DSA). We then discussed scheduling interviews and I requested for a 1-month timeframe. The recruiter agreed, sending me a form via email to note down my available dates.I already had 2.5 years of experience and I wanted to interview for L4 level. I decided to take some time between the interviews, so that I am able to complete 3+ years of experience before the offer evaluation.

                               

Technical Interviews
The technical interviews covered a spectrum of topics, from algorithmic problem-solving and data structures. Each interviewer delved deep into my understanding of the problem and challenged me to optimize my solutions further.

The interview started with an introduction of both of us and then we had some discussions around my Project and Work Experience.

I recommend preparing a brief introduction covering all the important points of your professional journey as it will be needed in all the following rounds of interviews.

I can not disclose the exact questions as I have signed the Non-Disclosure agreement but I can give a brief idea of the topics and level of questions:

1st Technical Interview  Coding (45 mins)
Topic  Dynamic programming, 2-D Array
Difficulty  Leetcode Medium
The interviewer explained the coding question, provided test cases, and I verbally discussed my approach. I successfully coded the solution and performed a dry run on test cases, correctly explaining the time complexity.
Overall, this round went well, and I rate it as a Strong Hire.

2nd Technical Interview  Coding (45 mins)
Topic  Trees, Depth First Search, Dynamic programming
Difficulty  Leetcode Hard
The interview began with the question, and I quickly coded the solution.
I successfully handled the follow-up questions by explaining my approach and coding the solution.I gave the correct time complexity for all solutions.
Overall, this round also went well, and I rate it as a Strong Hire.

3rd Technical Interview  Coding (45 mins)
Topic  Dynamic Programming, Heap (Priority Queue), Array
Difficulty  Leetcode Hard
The interview began with a challenging question, but I managed to successfully cod the solution and modified it after dry running on test cases to cover the test case.
Overall, this round was challenging, but I managed to handle it well. I rate it as a Hire.

In the end, the interviewers asked me if I had any questions for them and I asked them regarding his journey at Google, their team and projects etc.

I was expected to write all the solutions following best coding practises (OOPs and SOLID principles, naming conventions etc.)

Become a Medium member
For all the technical rounds, you can get an idea from Codeforces Problem Set.

                               

Googlyness Round
This was a non-techinical interview of the hiring process for assessing my alignment with Googles values, teamwork, and problem-solving approach. Like always, it started with introductions of both of us. Then we had a long discussion about my work experience and projects  my contributions, learnings and challenges.

The interviewer asked me very specific instance involving conflict management and the details of actions taken. We discussed in depth about various scenarios that I faced during my experience and what was my strategy and thought process to navigate them where I highlighted my capacity to excel in varied team dynamics.

She really appreciated my honesty and communication skills throughout the interview.

I recommend going through Googles core values and using STAR technique to answer such questions.

She asked me if I had any questions for her and I asked her about her work and team at Google and then the interview ended.

                               

Team Matching Round
I was contacted by three different team managers within few weeks for team matching rounds, where I had a conversation with them regarding their team culture and work. We also discussed about my work experiences and future career goals.

                               

Around a month later, I received a message from the recruiter confirming that Ive been selected as a SWE-III in one of the teams. It took around two more weeks for offer letter generation (Jan 2024). I was extremely happy!

                               

Key Takeaways :

Googles interview process is designed to assess how well candidates can adapt to new information and feedback. Flexibility in problem-solving and the ability to iterate on solutions are highly valued.
Communication Matters: Clear and effective communication is as important as technical competence. Articulating thoughts, explaining solutions, and seeking feedback is important to collaborate with potential teammates.
Google values not just the correct answer but also the problem-solving approach.Breaking down complex issues into manageable steps, considering edge cases, and optimizing solutions are crucial skills.
                               

I hope my interview experience helps all of you in your interview preparation .

Incase you have any particular query, please feel free to drop it in comment section and dont hesitate to contact me on linkedIn. ??

All the best ?",Google, SWE-III,"March 14, 2024"
medium,https://ellieshim.medium.com/my-virtual-onsite-interview-experience-with-google-2022-eb0a57e859c3,"Initial Application
I applied online through https://careers.google.com/ with no outside referral. I highly encourage asking your networks for referrals if you have one. This will increase the chance of your application to be seen by a recruiter. Also, make sure to polish up your LinkedIn profile. Ive received interview invites via LinkedIn this year.

With Google, I submitted few job applications in my interest areas (Google allows up to 3 applications for a given amount of time) for digital strategy, product marketing, and product design. I received an interview for strategy.

2. Email from recruiter

About 5 days after submitting my application online, I received an email from a Google recruiter asking if I wanted to proceed in the interview process. I had to fill out basic candidate profile questions, and the recruiter asked me to send her my college transcript.

3. Phone Screen + Phone Interview

I was scheduled a phone screen the very next day after I received that email from the recruiter. Make sure to prep for the phone screen interview because after checking my basic background, the recruiter asked me interview questions after. I did not expect this at all because usually phone interviews are scheduled at a different date. Although I cannot disclose specific interview questions (Signed an NDA), make sure you know the companys mission statement and type in top Google behavioral interview questions in Google for studying.

This round of interview ended with the recruiter letting me know that she will send in the interview feedback to the hiring manager if I can move onto the next round.

Write on Medium
4. Onsite Interview

After long week of waiting, I received an email from the recruiter telling me that I was invited to an onsite interview with Google. Due to COVID precautions, the onsite interview was held virtually via Google hangouts. I was scheduled a full day of back-to-back interviews with breaks in between, and the recruiter was helpful in answering all of my questions that I had, and she gave me interview prep materials to study for 3 weeks (yes, three..) Interview process with Google takes a long time (48 weeks+), so make sure to plan out all your other interviews accordingly.

Google evaluates candidates based on 4 main attributes:

RRK (Role-related knowledge)
General Cognitive Ability (GCA)
Leadership
Googleyness
In order to prep for these questions, I mainly watched mock interview YouTube videos and wrote down all of the potential interview questions into a Google doc to tie it back to my own experiences and stories.

Post Interview Thoughts
After going through this difficult interview process, I want to emphasize how important it is to practice. One thing that I would do differently next time during prep would be to ask others to do several mock interview sessions with me.

Also, make sure to watch the time throughout the interview and dont ramble. You want to get through all the questions for each interview round. Personally, one thing that made this interview difficult was that I felt the interview wasnt as conversational as the phone interview. I felt like some of the interviewers had a list of questions to read from.

Another tip: make sure to answer the question asked, and dont be surprised if they ask follow-ups. Try to come up with several potential solutions for a problem because some may ask what you would do differently.

With all this said, if you are reading this, I wish you the best of luck during the interview process. You should be proud of the fact that you made it this far.

Even if you dont get the offer, know that there are so many other amazing companies out there, and most Googlers took them 23 application cycles to get an offer. So keep going and learn through the mistakes :)",Google,Digital Strategy,"July 23, 2022"
medium,https://ranggarmaste.medium.com/google-onsite-interview-experience-1bc4af2880ea,"I previously applied for Google Japan Software Engineering internship and got an offer, but I decided to decline it because Ive accepted a full-time offer at another company.

I took a long time emailing my recruiter to discuss the possibilities. Trust me, writing those emails was terrifying. I dont want to be banned from Google as they might see me being fickle and greedy. In the end, everything turned out well. Im glad that hes really compassionate and said that my decision to decline the offer was perfectly fine. He even thanked me for my bravery and honesty (trust me, this made me feel so good about myself ??).

After I had formally sent my final decision, he sent me the following email.

Rangga,

Thanks for kindly sharing your thoughts. Im pretty sure you have carefully thought about it and made this decision so we will respect.

Just to confirm, you are not even applying to full-time position of Google? If you want to, we can start the process now :)

Thanks,

Seriously, Google is beyond generous. Instead of abandoning me, they actually offered me a full-time position interview ??. I asked if I can start working in late 2019, and my recruiter responded that I can start anytime as long as it is in 2019. Without hesitation, I agreed to go through the recruitment process.

Steps
Here are the steps for a full-time job at Google.

Phone Interview (1 interview)
Onsite Interview (4 interviews on the same day)
Hiring Committee Review
Preparation
Same preparation described in my previous article. My recruiter actually did not ask for a new resume. He used the resume I had sent for my internship application. And just like my internship emails, this is the provided Google interview preparation link.

Interview  Google Careers
There are two types of interviews in our hiring process. Between each round, we gather feedback from your interviewers
careers.google.com

Phone Interview
First, I filled a form sent by my recruiter regarding my availability, programming language (C++/Java/Python), and interview language (Japanese/English). One day after I submitted the form, a recruiting coordinator finally reached me. Only this time, she wasnt from Asia, but from Ireland (doesnt make any difference at all, just a fun fact).

Press enter or click to view image in full size

Phone Interview Invitation
And once again, sorry, I cannot share the questions as the email has stated:

As a friendly reminder, our interview questions are confidential, so please keep things under wraps.

I thought 10 days were long that I could sharpen my interview skills, but I was so busy finishing school administration for graduation, and also partying, mainly eating at fancy restaurants ??. I ended up preparing nothing Nevertheless, I still picked up the call on the interview date, precisely at 8 am. Surprisingly, this is my first female interviewer! Shes really nice and shes the only interviewer who actually asked me to introduce myself.

Just like my previous experience, the voice is very, very unclear. Apparently, the situation was the same for her. She could not even hear me saying sort that I had to type it. We both ended up using typing for communication. I got 3 algorithms questions. Compared to my previous phone interviews, those questions were actually very easy. I could solve every question with almost no confusion (except for the 2nd question). The interview lasted for 46 minutes, and for the first time as well, the interviewer did not give the chance for me to ask questions (I never have any actually ??). In my opinion, Googles questions are not as terrifying as many have imagined. Some might be really easy.

Ten days later (27th July), I finally got an update from my recruiter.

Hi Garmastewira!

Thanks for waiting while we reviewed your interview feedback. We would like to let you know you did well in your first interview and we would like to invite you to four onsite interviews at our Google office if you are currently based in Japan (if youre not currently in Japan let us know where you are so that we can have you go to the office nearest to your location).

Onsite Interview
FYI, I live in Indonesia. My recruiter asked if I prefer to do the interview via Hangouts or do it on site at Googles office. I mean, every sane person would go for an onsite interview ??. Going to a Googles office might be an only one-time experience.

I really hoped the onsite interview wouldnt happen at Google Tokyo or other offices that require Visa to enter because my schedule was really tight (vacation in Korea, moving to Singapore). My best guess was that Id do the interview at Google Singapore as Google Jakarta does not employ software engineers. Three days later (30th July), and email came from another recruiting coordinator, and I was correct. Its Singapura! ????

Press enter or click to view image in full size

Onsite Interview Invitation
Just like other companies who request onsite interviews, Google will pay the expenses for the flight and the hotel. Sadly, because Indonesia is very close to Singapore, Google only books one night for the hotel. Still, its better than nothing ??. They actually gave several flights and hotel choices to suit my best preferences. Here are my travel needs that I chose for the interview.

Flight: Singapore Airlines, BDO-SIN (Bandung-Singapore). Departing on 26th June in the morning.
By default, you should order a return flight too. I didnt book one because Id stay in Singapore (rent an apartment and start working).
Hotel: Grand Hyatt Hotel Singapore (Room Type: Google Recruit Room).
This would be my second time staying in a 5-star hotel ??. Also, its intriguing to know what a Google Recruit Room would actually look like.
Google also provide reimbursements for travel and food, but you need to pay for yourself first and keep all the receipts. There are details on how you can receive your money based on your residence and bank account. Funnily, they offer car rental and Google strongly prefers this compared to reimbursing taxi rides. Im not sure if you need an international driving license as I chose not to book one.

1. Trip to Singapore
After an exhausting yet incredibly fun trip to Korea, I finally moved to Singapore!

Become a Medium member
I actually brought my mom as well. She will help me moving to Singapore. We brought two giant suitcases; both should weigh at least 45 kg ??. I actually wanted to order a GrabTaxi, but we are very unsure about where the taxi should pick us. So we used the Airports taxi service to go to the hotel. In the end, the airports taxi is only $2 more expensive than the price Grab listed.

We arrived at the hotel at around 3 PM. We directly went to the check-in staff. Weirdly, she has a very smooth American accent. I guess this is the norm for a hotel staff? ?? We were then escorted to this so-called Google Recruit room, but it was basically a King Bed Deluxe room. What I found very cool was there was this welcome message on the TV upon my arrival. On a side note, I found out that I didnt get a breakfast. If I wanted to, I needed to pay an additional $60 ??.

Press enter or click to view image in full size

The Hotels TV ??
I think it was around 4 PM that my mom and I were freshened up again. We only visited Far East Plaza to eat Ayam Penyet Ria and ION mall to eat dinner later. I spent some time to review some of my notes before going to sleep. Within 20 minutes, I got sleepy already (reading textbook is the fastest way to get to sleep for me). I just hoped that everything would go well the next day

2. First and Second Interview
I used the taxi service in front of the hotel to take me to Googles office. I arrived super early, 40 minutes before the interview begins. Anyone who arrives there can see the Google x Welcome sign clearly, but I was personally quite confused on finding the offices entrance. I waited for some time at the reception. Fortunately, my interviewer also came early 15 minutes before the interview, so I actually got a much more time for the first interview.

Press enter or click to view image in full size
Press enter or click to view image in full size
Google X Welcome Sign
Press enter or click to view image in full size

Cute Little Clouds
I did my interview in a dedicated meeting room (I think it might fit 10 people in the room). We first introduced ourselves. He asked several questions about my opinion about Singapore. I said the climate is much better than Jakarta, but he argued that Singapore is way much more humid than Jakarta (which I finally agree now). FYI, hes Canadian. This office is definitely so diverse.

I was given a laptop to type the code. I used a code-sharing application, similar to Google Docs, but dedicated for coding as I can choose what programming language highlighting I want to use. I think it is built by Google itself for the purpose of interviewing. The interviewer needed to do something similar like logging in on my laptop first (I think), and the code document was synced on his laptop and mine. Time to code!

The question is quite simple. I answered and gave the complexity analysis smoothly. I notice that he actually typed what I was saying. When I talked to fast, he said hold on, so you said XXX right? Slower please, I need to type your thought process for the feedback. After that, he asked many follow-up questions (no need to code), and I think I managed to answer them well. Theres this one follow-up question coding question before the time ran out (10 minutes or so), but I failed to answer ??.

Times out, and the second interviewer was already in front of the door. I had a hard time to say his name properly as he has a Chinese name (I can pronounce Pinyin correctly now, though ??). Unlike the first interview, he actually offered me if I want to use the whiteboard. The whiteboard is actually the entire wall of the room ??. I do prefer the whiteboard, so I chose it. This was my best interview attempt out of all the four interviews. I only did the design and pseudo-code on the whiteboard. I wrote the code on the laptop just like the first interview. I feel very good with what I did on this interview.

3. Lunch
After finishing my second interview, I was escorted by another Google employee. I thought he would be my third interviewer, but he actually wasnt. He was just simply a lunch escort ??. He guided me to the cafeteria. The way to the cafeteria was quite confusing. There are simply too many (fancy) stairs at this office. I think I cannot go back from the cafe to the interview room without guidance

And here is the cafeteria!

Press enter or click to view image in full size

Googles Cafeteria
Googles cafeteria is simply H-U-G-E. As my lunch company said, you can eat very healthily or the opposite here. It feels like the food stalls that you will find at a huge wedding. There are salad, Indian food, grilled lamb chop (you can watch the chef burns the lamb live), and of course, my all-time favourite, dim-sum!

Press enter or click to view image in full size

My Lunch :D
While eating, I ask a lot of questions about him working at Google. The person who escorted me was from Portugal and moved from Google Switzerland. He said at Google, it is quite easy to move from one office to another one. I asked a lot about what he has done, Google projects, each offices differences, etc. Conversely, he also asked me questions, but more about my coding language preference, what open source projects I like, etc. I directly ask him whether there will be an assessment of my answers and attitude at this lunch break; he said absolutely no ??. He actually did once give a negative lunch break feedback that might impact the candidates interview results because the person was extremely impolite.

After lunch, he asked me whether I want a tour of the office or just getting a coffee. The office was confusing enough for me, so I chose to just chill waiting for the third interview ??. I thought we will go to a coffee self-serving machine, but Google actually has a dedicated coffee barista. This offices level of awesomeness is beyond words

4. Third and Fourth Interview
After a fun lunch and office tour, its time to get back to the interviews!

These last two interviews didnt end up well though. Its pretty much the same as how the first two interviews have gone. I solved the question on the third interview, although I took a long time to think, thus resulting only in one question. Then, my last interviewer is a woman (again!). I wouldnt say her questions were hard, but I totally bombed (in a bad way) the interview ??. I could feel she was not impressed with what I did. I just realized the question was actually easy after the interview is done (a very common case of doing interview).

Finally, all the interviews were done. She escorted me to the offices entrance. I took the lift going down and gave my thanks. Then, I ordered a GrabTaxi back to my hotel, and that was it.

Results
At first, I didnt hope too much, but the idea of getting accepted would be really cool. I waited for the results for 3 weeks, and no answers were given yet. So I decided to ping my recruiter, and in one hour, he sent me this email reply.

Hi Garmastewira,

Thank you so much for waiting through the process while we discussed. Today Im reaching out to you to share the result after your interviews.

Through the careful consideration and discussion with interviewers, unfortunately we have decided not to move forward with your application for the Software Engineering role at Google Japan.

Please understand that we committed and carefully reviewed your profile and reached the conclusion that you are not ready to join Google at this moment. That said, this is not the end of our interaction and we were not simply matched as of now.

Im really hoping to see you to apply Google near future again.

My heart sank really deep. Apparently, I still didnt well enough.


I felt stupid for turning down the internship offer. I blamed myself for declining it. I mean, putting Google on my resume would be super cool, even only as an intern. Nevertheless, maybe I just need to try harder next time. I should be grateful already that I was given the opportunity to do the interview onsite. Besides, the company that I will work for is extremely cool and generous already.

I heard that I can try to interview again at least 1 year after the last attempt. Maybe Ill try again next year ??.

To Conclude
I believe that interviews are quite a luck-or-no-luck matter. You know you are well prepared. But sometimes, the questions are surprisingly too hard that you never face such cases. Sometimes, the questions are easy, but your brain is not ready at the time. Sometimes, the interviewer is just too harsh. Who knows?

The best thing that you can do is to prepare well. And pray hard. ?? No matter what happens, failure is always a good thing as it will motivate you to do better the next time.

Thank you for reading this story, I hope it helps and inspires some readers. Good luck to everyone who will/is doing the interview!",Google,SWE Intern,"December 3,2018"
medium,https://medium.com/@cazad3011/my-google-interview-experience-d0377057243b,"Note: I wouldnt be able to disclose exact questions because of NDA.

Google Interview Experience
A recruiter reached out to me on LinkedIn in late July 2022 and asked if I would be interested in interviewing with Google for an SWE L4 role. At that time, I was completely out of touch with DSA, and I hadnt solved any DSA questions in last one year. I was also thinking about working on my startup full-time, so I wasnt sure if I wanted to interview with Google at that time. But after thinking about it for a few days, I decided to give it a try.

Since I wasnt in touch with DSA, I asked to schedule the phone interview round after 3 weeks, in mid-August. However, I got COVID-positive the day before the interview and had to reschedule it in the first week of September. COVID actually helped me a lot, I got two extra weeks of free time to prepare and I solved a lot of hard questions during that time.

After my phone interview in the first week of September, my onsite coding rounds were scheduled for the first week of November. Since Google was going through a hiring slowdown, I knew that clearing the onsite wouldnt be very easy, so I prepared for the worst-case scenario. During my 3 months of interview preparation (from August to October), I solved around 340 questions(140H, 180M, 20E) on LeetCode and a few questions on Codeforces.

By the time of my onsite, I was able to solve 8/10 unseen LeetCode hard questions without any help within 15 minutes, and 9/10 medium questions within 5 minutes. I was also pretty confident with advanced data structure & algorithms like segment trees, trie, dp bitmask, string matching algorithms, binary lifting, etc.

Phone Screen (45 minutes)
1 Medium question and hard follow-ups on the same question.

The interviewer was from a European country. After a brief introduction, the interviewer jumped right into a DSA question.

Initially, he asked me to come up with the optimal data structure for some scenarios and the approach to store those data in the data structure. I quickly came up with the optimal approach of storing those data using N-ary Tree. Then he asked me a medium-level question on N-ary Tree, and the follow-up made it hard.

I asked a lot of clarifying questions and discussed corner cases. Then, I quickly came up with the optimal solution and wrote the code within 5 minutes.

He asked me two hard follow-ups one by one, and I was able to solve all of the follow-ups optimally. I was also able to write code for those follow-ups without any hints.

At the end of the interview, the interviewer was very happy with my performance and wished me all the best.

Within 23 hours of the interview, the recruiter informed me that I had cleared the phone screening and the feedback was a strong hire. He also gave a detailed feedback about each aspect.

The recruiter mentioned that I would have 3 onsite coding rounds and 1 Googleyness round. They would be scheduled as 3+1, meaning that I would only move on to the Googleyness round if I cleared the first 3 rounds. Due to COVID, all rounds would be hosted virtually on Google Meet.

My onsite rounds were scheduled for the first week of November. The first 2 rounds were scheduled for the same day, and the third round was scheduled for the next day.

DSA Round 1 (45 minutes)
1 Hard question on greedy algorithm.

The interviewer was from Google India, and he made it clear that he would only ask one question.

I initially asked a lot of clarifying questions and discussed all the corner cases. Then, I quickly came up with a DP-based solution.

I wrote the pseudocode for that approach, and then he asked me to optimize the time complexity further. After thinking for a few minutes, I came up with the optimal approach using max-heap and then discussed the time and space complexity of that approach.

He was okay with that approach and asked me to write the code. While writing the code, there was some redundant code that he pointed out. I quickly removed those lines of code and improved the variable naming to enhance the readability.

Overall, the round went pretty well.

DSA Round 2 (45 minutes)
1 Medium + 1 Hard question on graph.

The interviewer was from Google India and joined 5 minutes late. We quickly introduced ourselves. Since the interview was started late, I tried to give a very short 30-second introduction about myself, but then he asked me for a detailed introduction and asked some questions about my projects as well. He also made it clear that he would give me an extra 5 minutes at the end of the interview to compensate for the delay.

After spending about 15 minutes on the introduction and project discussion, he moved on to asking DSA questions. The first question was on multi-source BFS, and the second one was a hard question on DSU.

I was able to solve both the questions quickly, covering all the edge cases. I wrote bug-free code for both the questions in one go, without any hints.

At the end of the interview, the interviewer was impressed with my solutions and wished me luck for the further rounds.

Become a Medium member
This was my best coding round.

DSA Round 3 (45 minutes)
1 medium and 4 follow-ups on the same question.

The interviewer was from the Google Zurich office. This round was more of an algorithm design round than a typical DSA round.

After a quick introduction, the interviewer asked me a very vague open-ended question. For the first 20 minutes, we kept discussing the type of inputs, boundary & corner cases, expected outputs, etc. to define the scope of the question.

Once the scope of the question was defined and I was clear on what exactly the question was, I gave him multiple solutions, discussed the trade-offs, and was able to solve the problem optimally using set, map, and string hashing algorithm. I coded the optimal solution quickly.

Then we discussed the average and worst time and space complexities of the optimal solution. Calculating the average time and space complexities was not that easy, and I struggled a bit, but I was able to calculate them correctly with a hint from the interviewer.

The interviewer then changed some constraints that made the question a little bit harder, but I was able to solve the follow-up quickly using min-heap and set. Only pseudocode was required for the follow-ups. He asked few more follow-ups related to OOPs and coding practices, and I was able to answer all the follow-ups correctly.

This was the most challenging onsite coding round for me, and I enjoyed it the most. Overall, this round went well.

My recruiter was very quick in sharing the results of the interviews, and most of the time I got the results just a few hours after the interviews.

Since I had received very positive feedback in all of the coding rounds, my recruiter told me that I was all set for the SWE L4 role. However, due to an ongoing hiring freeze at Google during that period, I was informed that I would need to wait for a few months before proceeding to the Googleyness round. After waiting for two months, my Googleyness round was scheduled for the first week of January 2023.

Googleyness Round (45 minutes)
The interviewer was from Google India. We discussed my background and other details. Then, he asked some situation-based and behavioral questions. I answered most of them based on my past experiences and projects. We discussed some other stuff as well like, life at Google, etc.

Overall, it went well.

After 23 days, my recruiter shared the result of the Googleyness round and told me about the next step, which was team matching. However, a few days later, Google announced layoffs and stopped hiring completely for the next couple of months.

Team Matching
Until April, I didnt get any team match calls. But in May, I got connected with one more recruiter from Taiwan. She shared my profile with two Google Pixel teams, and I got calls from both of them for the Taiwan location. However, both teams were looking for at least 23 years of experience in computer vision and computational photography. Therefore, both team match calls were unsuccessful.

At the end of May, I got my first team match call from one of the Google India teams. I liked the team, and the hiring manager was also interested in my profile. So, I went ahead with that team.

All team matching calls were of 45 minutes.

Hiring Committee Review
Since my interview feedback was very positive in all rounds, my hiring committee review was skipped and after team matching, they went directly to the comp discussion. And after some salary negotiations, I received the final offer a week later.

It was a great experience interviewing with Google because  all the interviewers were very friendly and it seemed like a conversation and not a test. The experience was very different from others. Also, the entire scheduling was handled by a different team and was super flexible and smooth.

Few important points
Each interview has a specific format  first 2-3 minutes for introduction and last 2-3 minutes for questions. Rest 40 minutes are for the core coding questions.
The interviewer explains the problem, then you should ask clarifying questions regarding data types, sorted/unsorted data, boundary cases, etc. Then you have to discuss various solutions and describe trade-offs. After interviewer has agreed with the solution, start coding. Explain what youre writing while coding. After youre done, theyll point out at mistakes/pose questions in the code. You have to walk through the code with some edge cases and verify that the code covers all of them. This is very important.
Then talk about the time and space complexity.
It is very important to write fully functional, error-free code. They actually expect the code to compile correctly. Practice on notepad/Google doc, etc.
Ask clarifying questions, a lot of it and make sure that you understand the question well before diving into the solution.
Googleyness and team matching rounds are important. Normally, the recruiter explains the expectations of this round very clearly by giving some examples. You can read about the STAR(Situation, Task, Action and Result) method and various other resources online. Spend some time and organize your experiences into STAR format.
The interviewers are really friendly so keep calm and dont be afraid to ask for help if you get stuck.
Never explain sub-optimal/brute-force solutions in detail unless asked to do so. Describe all sub-optimal approaches you know in an abstract manner to save time and focus more on finding the optimal solution.
While practicing DSA questions, try to understand the underlying concepts and focus on improving your problem-solving abilities rather than memorizing patterns and solutions. There is a high chance that you will get unseen questions to solve during your Google interview. None of the questions I got were available on LeetCode.
Everyone is unique and learns differently at their own pace. So, figure out what works best for you and stick with it. Dont follow anyone blindly.",Google,SWE- L4,"August 26, 2023"
medium,https://medium.com/@hiteshsingh17/amazon-sde-2-l5-interview-experience-8a31464d363a,"Hello Everyone,

I had my Amazon virtual onsite interview loop for the SDE-2 role a few weeks back. I got rejected. I wanted to share my interview experience so that it might be useful for your next interviews if you are preparing for any.

I thought of applying for a Software Developer Position at Amazon. I logged into their job portal and applied for a few listed jobs. The recruiter reached out to me after a few days and sent me an assessment link.

My Interview Experience
After clearing the Amazon assessment exam, the recruiter scheduled my virtual on-site interview loop after a month.

Learn about Mediums values
Each round is about 1 hour long.
30 minutes for low-level design/high-level design/coding tasks depending on the round,
25 minutes for Amazon Leadership principles questions, and
510 mins for any further questions that the interviewee might ask/discuss.

Following is my experience in each round.
Round 1: (LLD)

SDM had taken my interview in this round.
Its a low-level design round focused on code extensibility and OOPs concepts.
The question is related to designing Alexa like device which takes command from a user and then passes it to a backend service which processes it.
I had implemented necessary classes, interfaces etc. and performed operations as told.
2 LP Questions were asked as well in this round.
My opinion: It went well as I had explained the oops concepts and design patterns while coding the necessary modules.
Round 2: (DS-Algo)

SDE-2 had taken my interview in this round.
Asked a question similar to the course schedule problem on Leetcode , I implemented the solution with necessary test cases and walked through my solution with the interviewer.
Then he asked a question related to Binary search and i was able to solve this question as well.
No LP questions were asked.
My opinion: The interview was over within 35 minutes and it went really well as I had solved both questions with the necessary test cases.
Round 3: (DS-Algo)

SDE-3 had taken my interview in this round.
Asked a question similar to the minimum platforms required on Leetcode, i was able to write the code for this with the most optimal approach.
Then he asked a question which was a variation of Next Greater Element and i was able to solve this question as well, he then asked me to traverse the array from the opposite direction and i missed out on some edge cases initially but was able to write the code eventually for this as well.
1 LP questions was asked.
My opinion: The interview went well (or maybe okayish) as I had solved both questions with the necessary test cases but missed a couple of edge cases in the 2nd approach of the 2nd question which the interviewer gave me a hint for and i was able to solve eventually.
Round 4: (HLD)

SDM had taken my interview in this round
2 LP questions were asked and the interviewer grilled me on both the questions, the discussion went on for around 40 minutes.
The interviewer then asked me to design a Rate Limiter. I started with a single server setup and scaled it eventually to a multiple servers. Some of the questions that were asked were : the rate limit algorithm i would use, the URL exposed to the client will be of the rate limiter or web server , the top 3 metrics which youd monitor , the Redis cluster you are using could go down so would you consider using a Database like Mysql / MongoDB, etc.
My Opinion: It went well as i was able to explain the solution to the interviewer, explained hime everything how i would scale from a single server to multiple servers and also explained to him the technology choices i made and why. I made a mistake in the schema storage in Redis initially for the rate limit algorithm (sliding window counter algorithm) but after he pointed out, i corrected it.
All of the interviewers in each round focused on 12 Amazon leadership principles questions.",Amazon,SDE -2,"November 28, 2024"
medium,https://codeprismo.medium.com/amazon-interview-experience-sde-2-2026-c2cd6e71c035,"Recently, I went through their Amazon hiring process for SDE-2 Role, which tested everything from my problem-solving speed to my ability to design scalable systems.

If you are preparing for a similar role, here is a detailed breakdown of my experience and the questions I encountered.

Round 1: The Online Assessment (OA)

The first hurdle was a HackerRank-based assessment. This stage focused on core Data Structures and Algorithms (DSA) and Amazons famous cultural fit.

Technical: Two problems  both centered on Dynamic Programming (DP) and on Graph Theory.
Behavioral: A series of work-style assessment questions to see how you align with Amazons Leadership Principles.
Round 2: Virtual Technical Interview

After clearing the OA, I moved to a virtual round. This was a 60-minute session.
The coding portion focused heavily on the Sliding Window technique.
1. Calculate the sum of numbers in a window of size 3 across an array.
2. Calculate the maximum number in a window of size 3 (Sliding Window Maximum).

Become a Medium member
Leadership Principle Focus:
Tell me about a time you went above and beyond expectations.
Tip: Use the STAR method (Situation, Task, Action, Result) here. Amazon recruiters look for specific data points and ownership.

The Onsite Experience (Face-to-Face)
Amazons onsite (or Loop) usually consists of several back-to-back rounds. My experience involved three deep dives into design and logic, each round was a 60-minute session.

Round 1: High-Level Design (HLD) + DSA + Leadership Principle
Design YouTube. The core requirements were video uploads, likes/dislikes, and a commenting system. We discussed scaling the storage and handling high-concurrency read/write operations.
DSA: A problem involving an array-based Two-Pointer approach.
Leadership Principle: What is your role when a job fails in production? (Focus: Bias for Action and Deep Dive).
Round 2: DSA + Leadership Principle
DSA 1: The Next Greater Element problem using a Monotonic Stack.
DSA 2: Currency Conversion. Given a file of rates (e.g., USD to EUR, EUR to GBP), find the rate between two arbitrary currencies. Expect some follow up questions to optimise the solutions.
Leadership Principle: Tell me about a time you missed a tight deadline. How did you handle it? (Focus: Ownership and Deliver Results).
Round 3: High Level Design (LLD) + Leadership Principle
Design Task: BookMyShow for a Himesh Reshammiya Concert. We focused on the concurrency of seat booking  how to prevent two people from buying the same seat at the exact same millisecond.
Leadership Principles:
1. Tell me about a disagreement with a team decision.( Disagree and Commit).
2. Tell me about receiving critical feedback from a manager. (Learn and Be Curious).
Preparation:

For DSA, you can practise on Leetcode and follow Strivers DSA series
For HLD, you can follow Hello Interview.
For LLD, you can follow Shrayansh Jain playlist in Udemy.
For Leadership, practise leadership questions using STAR method.
Enjoyed this piece? Click the Follow button to get my latest blog post related to programming, data engineering, interview experiences and many more guides and tutorials straight to your Medium feed!

Thanks for Reading",Amazon,SDE -2 ,"March 23, 2026"
medium,https://medium.com/@sshiwangi770/my-amazon-interview-experience-1ab2fd4f9e6f,"This blog has been long pending! I actually drafted it while going through the interview process but never got around to posting it, so here it is, finally.

A little introduction about me
Hey everyone! I am Shiwangi Kumari, currently working as a Software Engineer at a startup. I recently appeared for an Amazon SDE I interview and wanted to share my experience, the questions I faced, and how the process went for me. If youre preparing for Amazon or any other FAANG company, this might help!

Application Process
I applied through the Amazon Careers Portal on November 12, 2024, for the Software Development Engineer I role under Amazon University Talent Acquisition.

I received the Online Assessment (OA) link on November 21, 2024, with a deadline of five days to complete it.

Online Assessment (OA)
The OA consisted of three parts:

DSA Problems: One easy and one medium problem. I finished both in 20 minutes.
Work Simulation Round: This had 56 modules where I was bombarded with emails and had to select appropriate responses. It also included real-world problem-solving, like debugging an issue where a product page wasnt loading. This round was mainly design to assess my decision-making and leadership principles.
Behavioral Questions: Multiple-choice format where I had to pick the most likely and least likely responses to different workplace scenarios.
I felt the OA went well, and on November 25, I received an email asking me to fill out a survey to be considered for the next stage.

Interview Rounds
Round 1 (December 2, 2024, 11 AM  12 PM)
This was a DSA round with a very senior engineer as the interviewer. I was asked only one question on Graphs, where I had to code everything from input handling to output printing. The choice of data structure was important.

The problem was the Currency Converter problem (Link).

Write on Medium
This round went well, and I was invited to the next round.

Round 2 (December 16, 2024, 11 AM  12 PM)
This was another DSA round, where I was given a problem based on maps (hash tables). It was an easy-level question and I solved it without much trouble.

After clearing this, I received a call scheduling my third round on the same day at 2 PM.

Round 3 (December 16, 2024, 2 PM  3 PM)  System Design
The system design question was:

Design a bookstore system where multiple books exist, and you need to return the count of a particular word(fictional character) appearing in a specific book.

I had to define the classes, objects, and methods I would use. I structured my solution well, and the interviewer seemed impressed. After this, we discussed my projects, where I explained my contributions, problem-solving approach, and impact.

This round went smoothly, and I was soon notified about the final round.

Round 4 (December 17, 2024, 5 PM  6 PM)
This was a mixed technical + deep-dive round.

The interviewer first asked about my work at my company, diving deep into the tech stack, architecture, and design choices I had worked on.
After 40 minutes of discussion, he said there was still time left, so we moved on to a DSA problem.
The question was a medium-level Sliding Window problem.
I solved it, and that concluded my interview process.

Final Thoughts
After this round, I didnt receive any further communication from Amazon, so I assume the process is dead. However, the experience was amazing! The interviewers were highly knowledgeable, the process was structured, and I got to solve some really good problems.

If youre preparing for Amazon, make sure to practice Graphs, Maps, Sliding Window, and System Design fundamentals. Also, be ready to explain your work in depth because they go deep into your past projects.

All in all, a great learning experience. On to the next challenge! ??

Update: Got a call from the HR on the 25th April and I am joining Amazon as an SDE 1.",Amazon,SDE -1 ,"February 13, 2025"
medium,https://medium.com/@saiteja.dasari123/interview-experience-sde-2-at-amazon-accepted-offer-57655fab76b8,"I was working as a Software Engineer 2 at PayPal when I received the call regarding a L5 (SDE-2) opportunity from a recruiter at Amazon.

1. Online Coding Assessment
Recruiter has sent an online coding assessment link and asked me to complete within a week.

The online coding assessment consists of 2 steps.

2 Coding Questions
Behavioural Questions
Out of 2 coding questions 1 question was leetcode hard and 1 question was leetcode medium. one question was similar to this leetcode problem. https://leetcode.com/problems/task-scheduler/description/

Another question was on Dynamic Programming. Cant remember it

I have written code for 2 questions. I cleared the online assessment. After couple of days recruiter has reached out to me and scheduled the next 4 interviews.

Note: Amazon focuses on Leadership principles
along with technical skills. So every round will have questions on atleast 2 leadership principles. You can check with your recruiter regarding the leadership principles that will be asked in your interview.

Make sure to answer them in STAR format. You can refer to STAR format here https://amazon.jobs/content/en/how-we-hire/interview-loop.

2. Coding round
This round was a complete coding round. The interviewer asked me about a question on Trees.

The question boils down to given a list of Nodes in a N-ary tree, and given a level you have to return the nodes at the level.

Asked a follow-up that now the nodes can be added and removed dynamically. We have to get the number of nodes at a given level in o(1) time.

Leadership principles asked:

Learn & Be Curios.
Deliver Results.
3. Low Level Design
This round was a design round. The interviewer asked me to design stack overflow in 30 min.

Unlike machine coding rounds, this is not a coding round. We have to come up with all the entities, relation between the entities, functions and APIs to interact with your system.

I have listed all the entities and created a UML class diagram to estabilsh the relations between the entities and functions in the entities.

Download the Medium app
Make sure to specify the design-patterns you would use while implementing them.

I have created REST APIs to interact with the system. Follow REST standards. Expect more questions on API design.

Leadership principles asked:

Have backbone, disagree and commit.
Insist on highest standards.
4. High level design round
This round is also a hiring manager round. The interviewer has asked me to design an online coding platform like leetcode.

This came as a bit surprise as I didnt see this design before.

Focused on monolothic vs microservice architecture, High Availability, Security, traffic burst, user experience, storage and so on..

Leadership principles asked:

Earn Trust
Ownership
5. Bar Raiser Round
Bar raiser round can have coding/LLD/HLD/Leadership Princples only. It depends on the bar raiser only. So we have to be prepared for everything.

The initial 40 minutes of this interview was focused on leadership principles & my past work. The interviwer asked a coding question in the last 20 minutes. The question boils down to this leetcode problem https://leetcode.com/problems/trapping-rain-water/description/.

Leadership principles asked:

Dive Deep
Customer Obsession (Expect lot of questions on this!!).
A week later, the recruiter said that I was selected for SDE-2. I had couple of sync ups with Hiring manager before joining.

Preparation
I was preparing for interview from a couple of months before Amazon call. Mainly focusing on Leetcode 150 problems. https://leetcode.com/studyplan/top-interview-150/
For LLD I have referred to Shrayansh Jain playlist in Udemy. The same is available in youtube.
https://www.youtube.com/watch?v=rliSgjoOFTs&list=PL6W8uoQQ2c61X_9e6Net0WdYZidm7zooW&ab_channel=Concept%26%26Coding-byShrayansh
For HLD I have referred to Gaurav sen HLD playlist in youtube, Shrayansh Jain HLD playlist in Udemy and HLD playlist by CodeKarle in youtube.
Gaurav Sen playlist: https://www.youtube.com/watch?v=SqcXvc3ZmRU&list=PLMCXHnjXnTnvo6alSjVkgxV-VH6EPyvoX&ab_channel=GauravSen
Shrayansh Jain playlist: https://www.youtube.com/watch?v=rliSgjoOFTs&list=PL6W8uoQQ2c63W58rpNFDwdrBnq5G3EfT7&ab_channel=Concept%26%26Coding-byShrayansh
CodeKarle playlist: https://www.youtube.com/watch?v=3loACSxowRU&list=PLhgw50vUymycJPN6ZbGTpVKAJ0cL4OEH3&ab_channel=codeKarle
Amazon focuses on Leadership Principles. I have prepared them thoroughly. I had atleast 4 situations prepared for each Leadership principle from my past experience.",Amazon,L5 (SDE-2),"April 6, 2022"
medium,https://igreaper.medium.com/amazon-sde-1-interview-experience-a69578a4f699,"My inbox has been flooded with requests to share my interview experiences, so heres a detailed breakdown of my Amazon SDE-1 process one of the toughest interviews Ive faced ??
What made it hard wasnt just solving problems it was the depth of discussion around why, what, and how.
?? Application Timeline
 Applied  September 2025
 Online Assessment (Round 1)  October 2025
 Round 2  November 2025
 Round 3  December 2025
 Bar Raiser (Round 4)  January 2026
 Offer Call  1st Week of February 2026

?? Online Assessment (Round 1) | 70 mins (HackerRank)
 2 DSA problems
 Work Simulation
 Workstyle Simulation

Clearing the OA required not just passing sample cases, but carefully handling edge cases, constraints, and optimizing within time limits.

????? Round 2: Technical + Leadership Principles

Started with introductions and quickly moved into a deep dive on past experience.

Coding questions:
 DP on Stocks
 Trapping Rainwater

They didnt stop at the optimal solution. The discussion went deeper:
 Why this approach?
 What are the edge cases?
 Can you reduce space complexity?
 Whats the time and space complexity?
 What trade-offs are you making?

Every solution required clear TC & SC explanation, corner case handling, and further optimization discussion.

Project discussion was intense:
 Why did you choose this architecture?
 What alternatives did you consider?
 What bottlenecks did you face?
 How did you scale it?
 What would you improve now?

It felt like a proper system design and ownership evaluation.

????? Round 3: Pure Problem Solving + Tech Stack Deep Dive

Coding questions:
 Rotten Oranges
 Maximum Rectangle Area with all 1s

Download the Medium app
Focus areas:
 Brute force to Better to Optimal progression
 Edge cases (empty grid, large inputs, all zeros, etc.)
 Time & Space complexity analysis
 Clean communication while coding

There was also a deep discussion on my tech stack, especially Kafka and B+ Trees:
 How Kafka ensures ordering and fault tolerance
 Partitioning strategy and scalability
 Why B+ Tree is preferred in databases
 Difference between B Tree and B+ Tree
 Indexing and real-world use cases

They ensured I truly understood the fundamentals behind the tools I mentioned.

????? Bar Raiser (Round 4): Deep Behavioral + Project Grill

This was the most intense round.

Leadership Principles were discussed with multiple real scenarios and follow ups.

If I gave one example, they went 3 to 4 levels deeper:
 Why did you make that decision?
 What was the measurable impact?
 What would you do differently?
 How did you handle disagreements?
 How did you measure success?

Project discussion here was extremely detailed, including technical depth, trade-offs, scaling decisions, failure handling, and metrics.

?? Key Takeaways

Amazon doesnt just test coding ability.
They test:
 Depth of fundamentals
 Edge case awareness
 Optimization mindset
 Ownership and decision making
 Clarity in communication

You must know your projects inside out, including why you built something, not just what you built.

Final Verdict: Selected ?

More interview experiences coming soon.",Amazon,SDE-1,"March 3, 2026"
medium,https://vedp568.medium.com/interview-experience-microsoft-sde-ii-b6f4de39baf8,"My background:-

B.Tech (CS) :- 20132017 (non IIT / NIT)

Years of experience:- 4 as a backend developer

Previous organization:- Saviynt India (Small size product company in IAM domain)

How to apply?

Well, there are 3 ways to apply for a role at Microsoft, it took me more than 12 months (since the first time I applied on their career portal) just to get a call from Microsoft. Below are the ways to apply.

1. Career portal of Microsoft

2. Referral

3. Approaching the recruiter on LinkedIn

Well, I tried all three ways, but at the end, I got the reply of my LinkedIn ping after 1.5 months from one of the recruiters I approached.

Interview Structure:-

For SDE II @ Microsoft there can be 4 to 7 rounds as classified below:-

1. DataStructure and Algorithm / Problem Solving:- 24 rounds

2. Low-level / High-level design:- 23 round.

3. Hiring Manager round:- 1 round.

Recruiter call to schedule the interview:- After getting the reply from the recruiter she called me on my phone where she asked me few questions regarding my past experience and the reason for job change and then she scheduled my first 2 on-site interviews on the same day. She said rest of the rounds will be scheduled if the feedback of these rounds is positive.

Join The Writer's Circle event
Due to the current pandemic situation, all rounds were virtual.

On-site round-1 (DSA, Problem-solving, 60 min):- The interviewer was very friendly and humble and he was working in Microsoft since last 5 years as he said. He made me completely comfortable within the starting 5 mins of the interview as I was a bit nervous because all the rounds were eliminatory rounds and I dont want to lose the opportunity as I got this chance after continuously applying for 12 months and Microsoft was my dream company since the beginning.

After introducing each other, interviewer started with one coding question, the exact questions I can not share (NDA), but the difficulty level was medium. I proposed the brute-force solution with O(n2) time complexity but the interviewer was expecting O(n) solution. After doing some brainstorming I was able to come up with a deque-based approach with O(n) time complexity. Interviewer asked me to write the code for deque-based approach.

Then the interviewer asked another coding question which was basically a bit manipulation question. I proposed a couple of approaches and once the interviewer was satisfied with my solution then he asked me to write the code for it.

On-site round-2 (DSA, Problem-solving, 60 mins):- This interviewer was with Microsoft since last 7 years and was very polite. Started with the interviewers introduction then I introduced myself. As I did well in my round-1 so I was feeling bit confident.

He asked 2 coding questions in total, the difficulty level of question 1 was easy- medium and for 2nd it was medium. 1st one was related to String problem that can be solved easily by the sliding window concept. 2nd was related to Tree data structure which can be solved by both BFS or DFS.

I didnt take much time to answer the 1st question and wrote the code within 15 mins of the interview. The 2nd took some time but as I saved some time in the 1st question hence I was able to write the code for the 2nd one as well within 1 Hr.

On-site round-3(High-Level Design, 60 mins):- Interviewer was very cool and friendly. Started with the interviewers introduction, he said he is working with Microsoft since last 12 years.

He asked one High-level design question and we had a very good discussion on it for the next 50 mins. It was not a typical coding round where I have to write the code, rather it was a technical discussion where I talked about the different components of System design including Load balancers, caching mechanism, different services, and key APIs, and the persistence layer of the system, I used an online whiteboard to draw different diagram and component.

I followed the 80: 20 rule for this interview round which means 80% of the time I was talking and 20 % of the time interviewer was talking. So majorly I was driving the conversation. Most of the time interviewer seemed satisfied with me and we had a healthy technical discussion.

On-site round-4(Low-Level Design, DSA, 60 mins):- This interviewer was very strict. Started with the interviewers introduction, he said he is working with Microsoft since last 10 years.

He asked a low-level design question, where I discussed the class diagram, the relationship between the different classes, interfaces, and objects in the whole problem, in this problem the interviewer was judging me on my object-oriented programming skills.

After this, the interviewer asked one coding question with easy-medium difficulty. The question was from the LinkedList data structure. I was able to come up with the solution after few mins and wrote the code for that.

On-site round-5(Hiring Manager, 60 mins):- The interview was taken by one of the Principal Group Engineering Manager at Microsoft, she was working in Microsoft since last 18 years. She was very polite and I was very comfortable with her during the interview.

After the introduction, we had in depth discussion on my current companys project and the technical challenges I have faced so far in my current Job, she asked lots of cross questions and grilled me a lot on my current project, asked one puzzle. she also asked lots of behavioral and non-technical questions, I used the STAR technique to answer these questions.

Verdict:- As I did well in all of my interviews, I was anticipating positive feedback, but still was nervous, after few days, my recruiter called me and confirmed my selection for SDE II role.

PS:- Prior to that I also cleared PayPal SE2, Paytm SSE, and Oracle SDE 2, will try to share those interview experience as well. Also, I will try to share my preparation journey for these companies.

Hope this helps you. Best of luck.",Microsoft,SDE-2,"May 5, 2021"
medium,https://medium.com/@storiesofsrinidhi/my-microsoft-sde-interview-experience-2-6-years-experience-f314229dcfd2,"I recently got interviewed for a SDE role at Microsoft, and I wanted to share my experience in case it helps someone else in their job search! Heres the breakdown, from that initial recruiter message to the offer letter.

How it Began:

It all started with a message on LinkedIn. A recruiter from Microsoft contacted me, asking if I wanted to give interview. Since I was already on a notice period, I decided to give it a try.

My Background:

I graduated with a B.Tech from the Institute of Aeronautical Engineering (Hyderabad) in 2021 in CSE branch. After that I joined as Software Engineer at Sandvine Technologies. My primary tech stack there was C/C++, but I also used Python, Bash scripting, and YANG for various projects. After almost 2.6 years, I decided it was time for a change, and here I was, ready to put my interview preparation to the test.

Interview Process:

Interview process at Microsoft consisted of 5 rounds:

Round 1: Online Coding Round

The recruiter shared a Codility test link. While I cant recall the exact questions, they were within the easy to medium difficulty range. After clearing the Codility test, I received a call for further interviews.

Round 2: Technical Interview (1 Hour)

We began with introductions before diving into technical questions:

Implementation of code to reverse a linked list in parts of K, where every K nodes should be reversed.
Writing code to find an element that is repeated more than n/2 times in an array.
Round 3: Technical Interview[Low level design](1 Hour)

Download the Medium App
We started with introductions.

Technical Question

Implement logging framework meeting specific requirements such as supporting different log levels (debug, info, error) and allowing the addition of various appenders for each log level. It should also have the capability to dynamically modify the log level and add appenders during runtime.
Round 4: Technical Interview[High level design] (1 Hour)

After introductions, we discussed high-level design question:

Designing the classic Snake game.
Round 5: Hiring Manager (1 Hour)

We started with introductions. Followed by a mix of technical and non-technical questions:

Technical Questions

Write code to check if given set of words can be chained together. A word chains with another word if the last three characters of the word match exactly with the first three characters of the next word.
Focused more on my experience and the projects I mentioned in my resume. Hiring manager asked me to elaborate on a projects I worked on at my previous company.
The Verdict:

After 4 days, HR called to inform me that I had been selected!

Overall Thoughts:

Based on my experience I realised that interviewers don't just look for the right answer, they want to see how you arrive at it. Dont be afraid to discuss your thought process as you approach the problem. Explain your approach, consider different options, and justify your decisions.
Treat the interview as a chance to work together with the interviewer. Ask questions, discuss different solutions, and be open to feedback. In my case, the interviewers were friendly and supportive, showing genuine interest in my skills and thought process.
I hope this breakdown helps anyone preparing for software development engineer interviews",Microsoft,SDE,"March 31, 2024"
medium,https://medium.com/@ProToHu/microsoft-sde-1-l60-interview-experience-2025-afd4b7751135,"Round 0 : Online Assessment
First Problem was prefix sum + Math.
Second Problem was based on Next Greater Element
I finished both problems in 15 minutes (Since i already knew how to solve them just had to type code)

Round 1 : DSA Round
Interviewer joined little late. He kept emphasizing that he was more interested in my thought process rather than working code. Then he gave me the problem.
Given two sorted arrays of ranges merge them into one array of ranges such that they all are non intersecting. Each range in same array is non intersecting with each other and sorted.

Input :

Array A = [[1, 3], [5, 7], [9, 12]]
Array B = [[2, 4], [6, 8]]

Output :

[[1, 4], [5, 8], [9, 12]]

I kept explaining each and every single part of this problem.

I gave him first brute force approach by merging both arrays then merging them into one if they intersect. Then eventually gave most optimal solution of two pointers (merge sort like)

Self Assessment : hire

Round 2 : Design Round + CS Fundamentals
Interviewer asked me for introduction.

Operating system :

What is Process ?
can two processes access same file ?
How to protect system from inconsistency if two processes access same file ? (Mutex)
What if multiple Threads wants to be in critical section ? will Mutex work ? (Semaphore)
What if multiple threads wants to just read a file do you need mutex or semaphore ?
What if both writes and reads happen by different threads in same file (Reader  Writer Problem)
Then he asked me to design system for company that i was working for,It wasnt just High Level Design Round we went to Low Level Details like how Class diagram will look like for this System.

Write on Medium
Follow Ups :

How is Master  Slave Replication happens (Low Level Details)
How you are doing critical reads from master for high consistency (like keeping two different connection strings for one for master and another for slaves). When needed connection is pulled from master connection pool.
How are you handling the connection pool with singleton repository ?
What will you do if sudden traffic spikes ?
How will you serve high load without scaling pods (Event Driven Architecture)
Who will be consumer ? Who will be Publisher ?
How will you use Rate Limiter to throttle the traffic?
How will you scale service in different region ? adding CDN near to region. Scaling Pods to that region.
What is Load Balancer ? Give me one type of load balancer ?
What are threasholds that triggers autoscaling of Kubernetes Pods.
What is API Gateway ? What is role of API Gateway ?
What is Authentication and Authrization ?
What is p99 Latency ?
What is Throughput ?
If you have 100mb data transferred in 4mb packets of 25 requests vs 8mb packets of 12 requests ? Which is better ? Why ? (Normally Network calls are more expensive in terms of latency than size of object but also large objects slows down system he wanted tradeoffs)
at the end interview was suppose to be 1hr but interview exceeded 1.3hrs. Interviewer was friendly and told me he was impressed by my system design knowledge considering i was just 1+ year experienced.

Self Assessment : Strong hire

Round 3 : AA Round
This was behavioural round + technical round. Initially interviewer asked me for my introduction. Then he asked me to choose product that i built in my previous oraganization that i am proud of. Then we deep dived into each and every aspect of this.

Why was this a Microservice ? Why not monolith ?
How you did Threadpool Configurations
How you created Master Slave DBs (Low Level Details like binlog)
How you figured out connection pool size (min pool and max pool) ?
Walk me through any one of the flows of this Microservice.
What was the most difficult part of building this Microservice ?
Scenario Based Question :

How will you handle Microservice that you built if you know there will be sudden rise in traffic due to launch of new cars.
How will you debug application if one page started to break ? (longest discussion)
What is OOM Killed ? Why it happens ?
Let say you have 2GB of ram. But you are writing C++ program that allocates 4GB of memory withing a for loop that runs 6 times. Will this program work ? If yes Why ? (Virtual Memory concept of OS) I nailed this question interviewer was impressed.
Who handles the pages and frames ?
Let say in backend you have 3 APIs in banking system. First API adds 5 Rs when called. Second API subtracts 5 Rs when called. Third API reads the amount. What is wrong with this Backend if you are accessing this from frontend ?
Behavioural Questions

Why you want to switch ?
Tell me the time when you failed in company ? How did you overcome that ?
Why Microsoft ? (Specifically why Azure Files) ?
Finally He asked what kind of role i am more interested in. Then asked if i have questions of my own. I went through his linkdin profile he was 15++ years experienced in microsoft alone. I prepared some questions specifically from his experience. For next 10 minutes he kept selling why i should join microsoft azure files ? This is the point where i knew i got selected :) After a week i got email for document submission.

Verdict : Selected",Microsoft,SDE-1,"December 24,2025"
medium,https://medium.com/@shreyprime/software-engineer-interview-experience-with-meta-facebook-80980c5f6005,"Earlier this year while interviewing for a software engineering position, a recruiter from Meta reached out to me for a Software Engineering position (Remote). I had always wanted to work with products that I can relate to so I took on this opportunity and decided to move forward with the screening process. First call was from the technical recruiter who asked me questions about my past experience, projects and about tools and technologies I had worked with. After he deemed me fit for the position, he decided to schedule a screening round for me. The recruiter did send me a lot of prep material right after the initial call which mainly included going over past 6 months of Leetcode questions that have been asked at Meta  this was something that I had already looked at as I was practicing for interviews at that time.

The screening round itself was an hour long technical interview. I was met with a Senior Software Engineer who had been working with the company from past 3 years. The interviewer introduced himself and we directly jumped into solving interview questions after that. The hour long screening round comprised of 2 coding questions; first question was an application of post order traversal in binary tree and second was a slight modification of LRU cache implementation. During the whole process, interview encouraged me to talk through my thought process. After the coding rounds, I was given 5 min to ask any questions I had for him. I did end up clearing the screening round and was soon invited for a virtual onsite interview.

For virtual onsite, I had 4 rounds, 1 system design, 1 behavioral and 2 technical rounds. All the engineers I met during the onsite round had been working for more than 4 years with Meta. The virtual onsite kicked off with a behavioral round where the interviewer was diving into my past experiences and mainly he drilled around things I personally did that made an impact. Interviewer seemed friendly and due to his personality the interview itself felt more like a conversation.

Write on Medium
After the behavioral round, I was met with an Engineering Manager who asked me a system designs question. I was asked to design backend service for a post search system based on user input. Basically, users are posting feed on any social media app and task was to design a system which accepted words and returned posts that had those keywords. During the whole process, interviewer kept asking me questions and kept providing me feedback as well. One thing that helped me to stay on track with interviewers expectation was to write down the requirements and confirmed with him before getting into the design. Writing down the requirements helped me to approach the problem tactically.

After the systems design round, I had a technical round where I was asked to solve two coding questions in an hour. Both questions were related and revolved around two techniques  merge technique in merge sort and binary search. This was not implicit and I had to work through some examples to understand this. At the end of it I was able to solve both questions right on time (phew!).

After the third round, I had one more technical round where I was again asked two Leetcode style questions  first was based on dynamic programming and second was based on a combinatorial recursive problem.

At the end of it all, I did enjoy meeting the interviewers and talking about their experiences with Meta. One difference, I felt with Meta interview was that in the coding rounds they ask more than one interview question. I got a feeling that they expected me to solve them quickly. All the interviewers told me that I did well and wished me the best for next round. In spite of this, I did not end up getting an offer from Meta (I was neither rejected nor accepted! huh?). Apparently, they had a hiring freeze right after they finished last batch of interviews (including mine) and they were not considering interview feedbacks for software engineering anymore. I was bummed because I went through the whole loop and enjoyed my time with the interviewers. Recruiter did tell me that they might start considering feedbacks again, if situation improves.

If you are preparing for an interview with Meta, going through the leetcode curated list would be a good idea. Recruiters themselves recommend it! Most questions will be a different flavor of something you have seen.

Have you interviewed with Meta recently? How was your interview experience like? Let me know in the comments below! if you have any questions feel free to post them in comments and I will get back to you.",Meta,SWE,"July 30, 2022"
medium,https://medium.com/@rohitverma_87831/my-interview-experience-at-meta-ad7eb22dd220,"Note: While I am excited to share my interview experience, please be aware that I wont be able to provide the exact questions due to the confidentiality agreement (NDA) in place.

Getting the Referral (July 2021)
In July 2021, I reached out to a friend working as a software engineer at Meta, requesting a referral for an open engineering role. Within a week of me sending across my resume, a recruiter from Metas talent acquisition team got in touch with me over email to schedule an introductory call.

Introductory Call with Recruiter (Last week of July 2021)

The recruiter walked me through Metas interview process in great detail, explaining the initial screening round and the 4 final interview rounds  2 coding, 1 system design and 1 behavioral/culture-fit.
She advised me to brush up data structures, algorithms and coding skills properly to be able to clear the initial screening rounds.
I candidly mentioned that I had been out of touch with coding interviews for over 23 years at that point. I requested for a months time to prepare before appearing for the screening interview.
The recruiter was very supportive and agreed to my request also sent across online preparation resources, sample coding questions across various topics and useful interview preparation tips to help me prepare better.
Preparation for Screening Round
I spent the month of August preparing for the screening interview in the following ways:

Previously, I used to give my coding interviews in C++. But this time, I opted to use JAVA. You might wonder why JAVA. My reasoning behind this choice was the possibility of a low-level design round, and since most design patterns and other low-level design resources available online are in JAVA. However, in hindsight, I would now prefer Python, as it can potentially save 58 crucial minutes in coding interviews.
Thoroughly revised data structures, collections framework and object-oriented design patterns in Java.
I aspire to delve deeply into Java and enhance my hands-on experience. I initiated my journey by studying data structures in Java, focusing particularly on Collections. I developed a routine of revising all the functions associated with each Collections class. This diligence stemmed from the awareness that coding during interviews often occurs in a plain text editor without code suggestions. Therefore, I aimed to grasp essential skills such as utilizing collection classes, sorting collections, implementing hashCode and equals functions in a class, and understanding the most useful functions within each Collection, such as HashMap, TreeMap, PriorityQueue, and others.
After gaining proficiency in JAVA coding and mastering the use of data structures in JAVA, I delved into solving coding questions tailored to specific data structures. This practical approach significantly contributed to my understanding of how these structures are applied in real-world scenarios.
Subsequently, I dedicated time to revisiting and implementing well-known algorithms in JAVA, including Dijkstra, Prims, Kruskals, Kosarajus, Kadanes, 2D Kadane, quicksort, mergesort, and Binary search.
Following this, I tackled approximately 6070 LeetCode problems with a unique strategy. Instead of categorizing them into easy, medium, or hard, I opted for a different route. I first filtered problems by company, then sorted them based on frequency, prioritizing those with an acceptance rate above 60%. This approach stemmed from a valuable insight  the conventional easy, medium, and hard tags on LeetCode might not always accurately reflect a questions actual difficulty. The acceptance percentage, indicating the success rate in solving a problem, emerged as a more reliable gauge for me.
Originally, I was scheduled to undergo my screening round in August. However, my entire family, including myself, contracted COVID during the second wave. In response, I reached out to the Facebook recruiter via email, requesting a rescheduling of the interview, and the request was accommodated.

The recruiter, I believe, is genuinely supportive and keen on seeing you succeed in the interview.

Ultimately, I completed my screening round in the first week of September 2021.

Appearing for Metas Screening Round (First week of September 2021)

Meta strongly adheres to the move fast principle, which is evidently reflected in their technical interviews. They expect to solve problems fast. In a 45 minute interview you only have 35 effective minutes to solve problems in that they expect you to solve 23 coding problems.

The initial question in this round centered around arrays. Although the question seemed surprisingly easy, it took me some time to accept that it was indeed straightforward. Throughout, I kept pondering if I might be overlooking something crucial; it seemed improbable for the problem to be that simple. Despite my initial disbelief, I provided a solution, which the interviewer found satisfactory. I proceeded to code the solution in a swift 34 minutes. The interviewer then posed a follow-up question, which, again, proved to be relatively easy. Extending my previous solution sufficed, and I completed this task in another 34 minutes.

Shifting gears, the interviewer presented a different question based on trees. This LeetCode problem involved post-order traversal of a binary tree. I successfully tackled this problem within 68 minutes. With 15 minutes still remaining, the interviewer introduced another question, this time focusing on graphs. It was a straightforward problem where the application of in-degree and out-degree concepts was required. Initially, I presented a solution using Disjoint Set Union, but the interviewer suggested to use a simpler approach. After pondering for 23 minutes, I provided a streamlined solution, and I translated it into code in a further 45 minutes.

In reflection, I find screening rounds generally straightforward. The expectation is to swiftly solve problems and produce functional code.

Advanced to Final Rounds after Getting Strong Hire Rating

After receiving positive feedback within 34 days, the recruiter got in touch with me, expressing that we could proceed to the actual interviews and inquiring about my preferred dates. In response, I requested a one-month timeframe for interview preparation, a request that the recruiter happily accommodated.

In addition to granting me the necessary time, the recruiter also shared valuable resources for interview preparation. Notably, Facebook had established a dedicated career page featuring approximately 20 coding problems designed for practice. This resource not only facilitated honing coding skills but also provided insights into the types of questions that might arise during the interviews. Furthermore, the career page allowed me to conveniently track the progress of my job application.

Preparing for the Final Rounds
I spent the month of October preparing for the coding and system design rounds in the following manner:

LeetCode Problem Solving:

Engaged in a daily routine, solving three LeetCode problems each day.
Maintained a consistent and targeted approach to enhance problem-solving skills.
Tech Blog Reading and Theoretical Enhancement:

Devoted daily time to reading at least one tech blog.
Enhanced theoretical knowledge and stayed updated on industry trends.
System Design Case Studies:

Practiced approximately 20 system design case studies during the one-month preparation.
Honed the ability to conceptualize and articulate complex system architectures, fortifying readiness for upcoming interviews.
Thoroughly studied system design concepts like scaling, caching, load balancing, sharding etc. and made condensed revision notes on the topics.
Also read highly popular system design case studies from online platforms like Grokking the System Design Interview to gain practical understanding of building and scaling large systems.
The recruiter shared the sequence of upcoming interview rounds, which comprised:

2 coding rounds
1 system design round
1 behavioral round
Additionally, the recruiter requested me to propose preferred time slots for these interviews.

Write on Medium
Opting for a strategic approach, I scheduled my final interviews in the first week of November. I tackled the two coding rounds on the same day, followed by the remaining rounds after a 5-day interval. This deliberate spacing allowed me ample time for thorough revision, particularly in preparation for the system design interviews.

My Final Interview Rounds at Meta (First week of November 2021)
Round 1: Coding Interview
Question 1: Topological Sort (LeetCode Hard)

Successfully tackled a LeetCode hard problem centered around Topological Sort.
Spent approximately 10 minutes devising the optimal solution.
Invested an additional 1015 minutes in writing the code, considering the intricacies of this longer code.
After a thorough dry run to ensure correctness, promptly answered the interviewers inquiry about the time complexity.
Question 2: Heap-Based Problem

Transitioned to the next question, which focused on Heap.
Presented 23 solutions but, unfortunately, could not devise the most optimal one within the allotted time.
Despite efforts, ran out of time before fully addressing the second question.
Round 2: Coding Interview
Question 1: Based on binary Search (LeetCode Medium)

Tackled a LeetCode medium problem centered around binary search.
Fortunate to have encountered a similar problem previously, easing the process of devising an optimal solution within the 2030 minute timeframe.
Although the problem statement initially suggested a dynamic programming solution with O(N²) complexity, the more efficient approach involved a modified binary search.
Invested approximately 20 minutes in solving the problem, including a thorough code dry run and the determination of its time complexity.
Question 2: Based on Disjoint Set Union

Addressed another question where, after analyzing a few examples, I recognized the potential application of disjoint set union.
Explained the solution comprehensively and swiftly translated it into code.
Question 3: Based on String and sorting

With around 5 minutes remaining, the interviewer introduced another question, an easy LeetCode problem based on string sorting.
Successfully provided the optimal solution after several attempts, unfortunately running out of time to implement the code.
Round 3: System Design Interview
The system design interview centered around crafting a feature for the Instagram app, and the process unfolded as follows:

Understanding Requirements (5 minutes):

Dedicated the initial 5 minutes to comprehending the requirements and features associated with the Instagram app feature in question.
Functional and Non-functional Requirements:

Formulated both functional and non-functional requirements, aligning them with the scale and demands of Instagram's extensive user base.
Gave particular consideration to the celebrity use case, ensuring a comprehensive and inclusive design.
High-Level Design with Distributed Systems (Horizontal Scaling):

Presented a high-level design grounded in distributed systems to facilitate horizontal scaling.
Explored how the architecture would cope with Instagram's massive scale, ensuring seamless functionality under heavy user loads.
Follow-up Questions and Alternatives:

Addressed numerous follow-up questions from the interviewer, delving into various aspects of the design.
Explored alternative approaches and considered other potential designs, demonstrating a thorough understanding of the design space.
Low-Level Design Focus:

The interviewer shifted the focus to low-level design intricacies, probing into details such as:
- API management strategies.
- Opportunities for optimization at the client side.
- Consideration of the database schema.
- Implementation-related queries.
Overall Evaluation:

The system design round concluded positively, with the interviewer expressing interest and satisfaction.
Round 4 (Behavioral)
Had an insightful discussion around my previous project work and how it relates to Metas core values such as Focus on Impact, Move Fast, Live in the Future etc.
Provided real examples to situational & behavioral questions to demonstrate my approach in dealing with conflicts, handling mistakes, taking initiatives etc.
Got Offer
A week later, the recruiter arranged a call, and my nerves were on edge, particularly concerning my coding performance. I had managed to solve only one problem in the first round and failed to code the third problem in the second round.

To my delight, the recruiter delivered the good news  my feedback was positive. I received three strong hire ratings and one hire rating. The recruiter provided detailed feedback, extended congratulations, and ultimately offered me the E5 software engineer position at META in London.

Offer Negotiation and Acceptance
After I cleared my interviews, I conducted online research to ascertain the optimal compensation for an E5 Facebook engineer in London. My aim was to be well-prepared with a counteroffer when the recruiter presented the initial offer, minimizing the need for prolonged negotiations. After three days, the recruiter initiated a call to discuss the offer. I promptly provided a counteroffer, and when queried about competing offers, I disclosed that I have some competing offers (At that point, I had a couple of offers). The recruiter expressed her commitment to advocating for my expected offer and, after two days, arranged another call to convey the approval of an enhanced offer.

Additionally, Meta provided generous relocation benefits including 45 nights of accommodation in London, business class tickets for family, unlimited freight shipment from India and a one-time bonus to cover other relocation expenses. I relocated to London in December 2021 and Joined META.

Key Takeaways from my Interview Journey at Meta:
The entire process took around 4 months from referral to offer. I thoroughly enjoyed interviewing at Meta  the recruiters and engineers were friendly and welcoming throughout, making the experience truly conversational rather than stressful.

My journey to getting hired at Meta was filled with challenges, learning, and perseverance. From the initial referral to receiving the offer letter, it was a marathon effort spanning 4 months.

I hope my experience provides motivation to all aspiring engineers. With passion and diligent preparation, you can achieve your dream job. Keep hustling! When an opportunity comes knocking, grab it and put in your best effort.

All the long hours of algorithm practice, system design revisions and mock interviews will pay off. Have faith in your abilities. With the right strategy and mindset, you can successfully crack interviews at top companies.

Interviewing is a skill that can be honed over time. Dont get discouraged by early setbacks. Keep at it! Learn from both successes and failures to improve consistently. Stay motivated and be proud of small wins.

Landing your dream role takes immense patience and work, but the satisfaction of getting there is worth it all. I hope my experience inspires you to keep chasing your goals. Remember, youve got this! With passion and diligence, you will eventually reach new heights in your career.

Best of luck, and feel free to connect with me on LinkedIn if you need any help!",Meta,E5 Facebook engineer,"November 20, 2023"
medium,https://medium.com/coderbyte/my-facebook-interview-experience-630e15b16288,"I gave two interviews for Facebook for different roles  Software Engineer and Solutions Engineer. As a note, the Solutions Engineering interview happened months after I completed my cool-off for the SWE role.

It has been a little over a month I joined Facebook as a Solutions Engineer. I want to share my interview Experience and few tips to give back to the community that helped me through this process.

Press enter or click to view image in full size

Photo by Alex Haney on Unsplash
Recruiter Call
For the Software Engineer role, the recruiter reached out to me after I applied on LinkedIn. For the Solutions Engineer role, a Technical Sourcer reached out to me on LinkedIn for an initial Screening.

One of my friends already introduced me to the Solutions Engineering role and how it differs from other companies. My recruiter/sourcer took the time to explain the role and gave a couple of good links to read more about it. You can read more about Solutions Engineering at Facebook here.

Both recruiters had a conversation around my current experience and career goals. They gave an overview of the roles and responsibilities, interview process, and insights into culture and values. They shared few resources that helped in the interview preparation. Both roles have similar interview structures with slight variation in the on-site loop, which is covered below.

Prepare an elevator pitch, review your resume and LinkedIn.

Bonus Tip: If a recruiter reaches out and you think you need more time to prepare, be open with your recruiter. They will happily check in with you at your proposed time. They are on your side and want you to prepare your best for the interviews.

Phone Interview
The phone interview was a technical round and focusing on Data Structures and Algorithms.

The expectation was to solve two questions in 45 minutes or one question and a follow-up. Expect follow-up questions on your approach and justify your choice over other approaches.

The coding round was in an online editor application that did not have execution capabilities. However, there was an option to choose a programming language of my choice.

Here are few tips for these rounds,

Test run the code with the examples given. It will help in identifying edge cases and incorporate them into your code.
Discuss the approach to the problem statement to make sure the interviewer is on the same page before coding.
Be confident and dont stress too much on syntax (you are not expected to remember every method syntax in a util class); focus on clean code and communication. If you dont remember a helper method, you can tell your interviewer.
Think over memory constraints and speak about the complexity of the solution.
Please pay attention to the hints from the interviewer; they might be hinting you at a missing edge case or flow error.
Well! I never thought I would make it to onsite, but there I was. I gave two onsite interviews for Facebook.

Software Engineer Onsite Interview (Virtual)
It had four rounds in total  Two Technical(Coding), One behavioral, and One System Design.

Become a Medium member
Technical Coding Interview (2x): The technical coding rounds were 45 minutes each, where I was asked to solve two questions or one question with a follow-up. Refer to the above Phone Interview Experience.

I couldnt identify the problem pattern in my first technical interview and come up with a solution within the time. Looking back, I focused more on writing the code than speaking through my approach to the problem.

System Design Interview: This interview was an interesting round aimed at designing a given system from scratch.

The question is always unstructured and open-ended. There is no right/wrong answer to this question. The interviewer focuses on your overall understanding of building complex and large-scale systems.

This round is collaborative. Discuss and justify the design choices with the interviewer. Spend time gathering requirements to define the end goal of the design. Estimate the scale of the system and make sure to look for any bottlenecks and resolving them.

Getting to Know You (Behavioral Interview): This interview was focused on my background and interests, resume, career goals, and my approach to various workplace situations. I was asked a short coding question at the end of this round around.

This is the easiest interview, but we often focus on less preparation for these interviewsreviewing Facebook Values, Culture, leadership skills should help us be prepared for this interview. Prepare scenarios for various behavioral questions using the STAR pattern.

I received a call from my recruiter after a week that they were not moving forward.

Solutions Engineer Onsite Interview
It had five rounds in total  Two Technical(Coding), One Collaboration, One Business Design, and One Hiring Manager.

Technical Coding Interviews (2x): The technical coding rounds were 45 minutes each, where I was asked to solve two questions or one question with a follow-up. Refer to the above Phone Interview Experience.

Collaboration Interview: This interview was specific to the Solutions Engineer role. This was similar to the behavioral round but more on the technical side. No coding was required for this round.

This round focused on understanding my background and scenarios where I collaborated with colleagues outside of the team to identify solutions aligning towards a common goal.

Using the STAR pattern was helpful while framing answers to the questions  focus on the problem, collaboration with clients/colleagues, outcome. The outcome doesnt always have to be success scenarios; include your learnings from cases where the collaboration wasnt successful.

Business Design Interview: This interview was specific to the Solutions Engineer role. This interview focused on building a Minimum Viable Product for a business case for a real-world problem.

In comparison, while the System Design interview focused on building a scalable and distributed system, the Business design interview focused on building scalable design along with the business impact, market value, and understanding the cost of the solution.

Hiring Manager Interview: This interview was specific to the Solutions Engineer role. I went through three hiring manager interviews before I was given an offer. The HM focused on understanding my background, goals, and how this role aligns with my career goals.

Review your resume and prepare for an open conversation about your career goals, research the role, and Solutions Engineering as a whole at Facebook.

I received an offer for the Solutions Engineer role after two weeks!

Thank you for reading! I hope this helps! Leave a comment below if you have any questions.",Meta,SWE and Solutions Engineer,"August 30,2021"
medium,https://medium.com/@ios-interview/facebook-meta-ios-onsite-interview-experience-43672ccf83aa,"I recently interviewed at Facebook (or Meta, if were being current) for an iOS Developer position, and let me tell you it was a ride. I went in expecting a solid mix of behavioral, a couple coding rounds, and a system design discussion. You know  the standard big tech format.

But surprise! I got hit with way more coding questions than I had anticipated.


Round 1: Behavioral + Warm-Up Coding
We kicked off with a behavioral chat  nothing too heavy. Mostly questions around:

How I handle team conflicts
A project Im proud of
Tradeoffs in decision-making
After that, they slipped in a warm-up coding question  pretty simple. I solved it using a brute-force approach, and then (key detail here) walked through how I would optimize it.

This seemed to go over well. Theyre clearly looking at not just what you solve, but how you think.

?? Round 2: iOS Algorithms + DS Follow-Up
This one threw me off a bit.

We started with a DS-focused iOS problem  think algorithms with an iOS flavor. I got most of it done, but missed an edge case at the end. The interviewer pointed it out and asked how Id handle it. (In hindsight, a quick dry run mightve helped.)

Become a Medium member
Then  curveball  the same interviewer pulled out another data structure problem. I managed to finish this one on time. But Ill be honest: I wasnt expecting this kind of back-to-back.

Ive been through 80+ iOS interviews over the last few years  from startups to FAANG to companies like DoorDash, PayPal, Uber  and I started noticing patterns in the questions, Thats why I created something I wish I had when I started: Cracking the iOS Interview  Cheat Sheet ?

Round 3: DS Question + Pseudo Approach
Yep, another round, another data structures problem. I powered through it and got it working cleanly.

But then, with about 5 minutes left, the interviewer casually tossed me another problem  Theres no time to solve this, but can you talk me through your approach and leave comments in the code?

Fair enough. I pseudo-coded and explained my thinking, which I think they appreciated. The key here was clarity and confidence, even when there wasnt enough time to code a full solution.

System Design: Open-Ended but Deep
Finally, we wrapped up with a system design round. It was open-ended  something like Design a scalable notifications system for a mobile app.

Here, they cared less about specific tech and more about:

Architecture decisions (MVVM, Delegates vs. Combine, etc.)
Data flow
How youd structure the codebase for scale
Offline support and caching strategies
Meta interviews go deep  theyre looking for folks who think at the product level, not just app-level code.",Meta,iOS Developer ,"September 19, 2025"
medium,https://medium.com/@amukul82/my-meta-interview-experience-e5-offer-44f9816cf9e6,"Note: I wouldnt be able to disclose exact questions because of NDA.

I applied in Meta London through a referral from a friend, in April 2024. Soon I received a call from Metas recruiter and they explained to me the interview process. It starts with a coding screening round, and if you clear the screening then you move on to onsite rounds (2 coding, 1 design and 1 behavioral). I asked them for 4 weeks to prepare for the screening round and they were happy to give me this much time.

Getting through Screening Round
Preparation
I went through a lot of articles online and talked to my friends as well. I identified that the best way to prepare for Metas coding rounds is by doing Meta tagged Leetcode questions. I hadnt done Leetcode before this for nearly 4 years so I was pretty rusty at the start. But I knew all I needed was to put enough hours on Leetcode.

I started briefly with NeetCode 150 to brush through easy questions and get some confidence and hands-on practice. Then after a week I started doing Meta tagged questions on Leetcode. I mainly focused on doing medium questions and indulged in only a handful of hard ones. Metas coding rounds are 45 mins long in which you need to complete 2 coding questions. More often than not these both are medium difficulty questions.

I made a routine for doing 23 problems everyday after work and stuck to it for a month. On weekends I tried to find a good 56 hours to do practice. A few things I want to highlight that everyone should do, especially if youre starting Leetcode after a long break.

Start with easy and gain confidence first. Then only move on to mediums.
Its okay to look at the solution after spending 30 minutes on a problem instead of being stuck on it forever.
Revisiting the problems youve done is very important. Once you revisit a problem after 23 weeks, it gives you a good assessment of what youve learned in your practice and where youre still lacking.
Track your progress to make sure youre improving wrt solution time and identifying patterns in problems. This is essential instead of blindly doing problems.
Meta also provided a free mock interview a week before the screening. It also helped me understand where I stood and got good feedback as well.

Screening Round [45 mins]
Linked List, Graph, BFS

First problem was a simple linked list problem that I had seen before. But I was too nervous and ended up taking 25 minutes to finish coding and explaining the solution. My interviewer was very calm through this process and helped me in settling my nerves.

Second problem was a graph problem, similar to finding the shortest path. I had not seen the problem but by this time I had composed myself and didnt panic. It took me 5 minutes to come up with an approach and just finished the problem in the allotted time. Interviewer was satisfied with my approach and that was it.

After a few days I got confirmation that I had cleared the screening round and through to onsite. My recruiter told me that it wasnt a strong hire decision in the screening round, hence Ill need to do better in onsite rounds. I asked her for another 4 weeks to prepare for the onsite rounds.

Onsite Rounds
Coding Prep
I continued the same strategy that I had followed so far for coding interviews prep. I got one more free mock interview from Meta for coding rounds which I also utilized after a few weeks.

I had a travel plan in July hence I had scheduled my onsite rounds in June end. But as the dates were approaching I didnt feel confident that Ill make it through. I decided to reach out to my recruiter and ask her if I can get more time to prepare. She was very accommodating and moved my onsite rounds further to mid July.

In the meantime I had given a few more interviews with other companies and I was gaining confidence gradually as it had been more than 2 months now since I had started preparing. My coding mock interview also went well with Meta which gave me even more confidence for the coding rounds.

Product Architecture (Design) Prep
Meta has these 2 flavors of interviews of design and the candidate has to choose one, Product Architecture or System Design. Standard guideline is to go for Product Architecture if youre a backend or full stack engineer, and I had decided for Product Architecture round.

When I got to the preparation, I realized that there is far less material specific to Metas product architecture round than there is for the system design round. I finally found the most relevant resource at Hellointerview. They have explained it very well in their answer keys on how to approach both types of design rounds at Meta. Overall I followed the below mentioned resource for my design round prep.

Overview  This video covers everything you need to know about a design interview. Its long but worth every minute of it and I believe everyone should watch it before you start any prep for your design interviews.
Hellointerview  All articles and answer keys. I would pick a problem, start a timer of 45 mins, and design it myself. Then I would look at the answer key and see how I had done. As part of finding the best design solution, I would skim through other resources online as well for the same problem.
Jordan has no life[YT]  Videos here were a lot helpful, especially whenever I felt the need to go into more depth of the topic I was studying.
Grokking the System Design Interview course  I had already taken this subscription before and skimmed through the tutorials in this course. A lot of it was already covered in the above 2 sources though.
Mock interviews  I used Pramp and Discord community for mock interviews with few peers. This was very useful in getting the jitters out before the actual interviews.
All in all I practiced on some 15 design problems and read about them left and right. I also read through a lot of tech blogs on common design topics which helped with in-depth understanding of basic design components.

Behavioral Prep
For this round I prepared some 15 common behavioral questions and their answers using the STAR framework. I highly recommend watching this video as well before you start any behavioral prep. I used Hellointerviews story builder tool to prepare the answers in a good format and then revised them multiple times before the interview.

Round 1: Coding [45 mins]
String Manipulation, Array, HashMap

First problem in this round was related to String manipulation. It seemed easy at first but had some nuances around it. I made sure I dont get excited and code a wrong approach. I took my time and finished coding it within 20 minutes.

Write on Medium
Second problem was on Arrays and HashMaps. I hadn't seen this one as well before but had done similar ones in my practice so I identified the pattern fairly quickly. But I couldn't explain this well to my interviewer and it resulted in some confusion around my approach. I was able to finish it in time but I could tell my interviewer wasnt completely happy with how I had approached the problem.

Round 2: Coding [45 mins]
Queue, Binary Tree

This round went very well for me. The interviewer was very friendly and gave me enough time to explain my solutions. First problem was related to queues and pretty new to me in this round, but the second one was very similar to a pattern on binary trees that I was aware of. I finished both problems in time with a few minutes left for us to chat as well.

Round 3: Product Architecture [45 mins]
This was a problem on designing a feature for the Facebook App. I followed my strategy of starting with the requirements (asking a lot of questions) and quickly listing down the API specs and Core Entities for the problem.

High level design seemed simple to me at first but there were few non-functional requirements that were tricky here. I finished HLD 25 minutes into the interview so there were good 20 minutes left for us to do Deep Dives. My interviewer also seemed happy with how I was structuring the design and didnt raise any major concern throughout. I explained the tradeoffs of every small design decision proactively. For deep dives I went into explaining how the system would scale to Facebooks massive user base and still maintain consistency throughout. All in all the interview went well.

Round 4: Behavioral [45 mins]
This round was more of a discussion with the interviewer on a bunch of situational questions he had asked. A few times the interviewer poked me to get into depth of my past work projects, as I understand to make sure I wasnt making anything up and had actually worked on the things I had explained to him. This round also went well for me.

I waited for a week after this to get a response from the recruiter. I got to know that one of my coding rounds was not great hence the hiring committee had suggested taking another coding round. I was kind of expecting it after how my first round went. I now had one more round to clear through, and it was going to be the final one. The follow-up coding round got scheduled a week after so I got more time to practice Leetcode. I continued the same strategy as before, this time trying to do even more problems and revisiting all the problems I had done in the last few months.

Round 5: Follow-up Coding [45 mins]
Tree, DFS, BFS, String, Stack

First problem in this round was new to me, it was related to traversal in binary trees. I had done enough problems by then so it took me little time to figure out the solution and I coded it quickly. Second problem was a simple string problem but required stack operations to solve it. It was challenging in covering the edge cases but I had enough time to finish it in time. This time I was confident my interview had gone well.

Team Matching and Offer
A week after the follow-up coding round I got confirmation that I had cleared Meta. All I had to do was wait for a team matching round. It was one of my happiest days as I had finally cleared a FAANG company after grinding for nearly 4 months.

Team Matching for Meta took a lot of time. I constantly followed up with my recruiter every week but there was no news. I interviewed for a few more companies in the meantime including Google. The day I had finished on-sites for Google I told my Meta recruiter that Im through Google now so I dont have much time to wait for Metas team matching round.

And finally I got a team matching round scheduled from Meta the same week. Overall the round went well and the hiring manager was very friendly. After my acceptance of the team, I got an offer from Meta in a few days. I wasnt fully satisfied with the offer so I asked the recruiter to revise the offer a few times, and luckily I had Googles offer as well by that time. Finally my offer was revised to add a joining bonus as well which wasn't there in my initial offer. Lesson learned, having a competitive offer always helps in negotiations.

Overall the process took nearly 6 months.

Mid-April: Applied to Meta
End of April: Got a call from Recruiter
End of May: Screening Round
Mid-July: Onsite rounds
End of July: Follow-up coding round
End of September: Team matching round
First week of October: Received final offer
Recommendations
Doing Leetcode might seem hard at first especially if youre starting after a long time. The key is to make a preparation strategy with continuous improvement tracking, and follow that for a few months. Perseverance is the key here.
I highly recommend going through these Design and Behavioral videos before you start any prep. Its good to know about the process and prepare yourself mentally before getting into it.
Revising stuff from time to time is important as the process can be lengthy and tiresome.
Most important is to stay positive and take care of your mental health. Its easy to get into a spiral of disappointment after some rejections, but we all need to make sure we stay positive and composed throughout this journey. Trusting your process and yourself is essential.
Useful References
https://leetcode.com/discuss/post/4979750/meta-preparation-strategy-step-by-step-g-2xdh/
https://github.com/Coder-World04/Complete-System-Design
https://github.com/rgbedin/interview-prep/blob/d0aeaeff33c006a4d34a13b040284ba11128c052/algo-sheet.md
https://www.techinterviewhandbook.org/software-engineering-interview-guide/
https://interviewguide.dev/
Thank you for taking time to read through this. Feel free to connect with me for any assistance, Im happy to help with any guidance you might need for your interviews and career.",Meta,E5 Facebook engineer,"June 14, 2025"
medium,https://medium.com/nybles/goldman-sachs-engineering-analyst-interview-experience-on-campus-0319a154193c,"Introduction
Hello! I am Debjyoti Ray; an ECE grad from batch of 2026; and I successfully cleared the interview process for the Engineering Analyst position at Goldman Sachs. As someone with a background in building quantitative trading strategies and scalable systems, I was eager to crack this one. Here is a detailed account of my experience securing an Engineering Analyst offer through the on-campus recruitment process.

Job Profile
Role: Engineering Analyst
Opportunity: On-Campus Recruitment
Date: August 2025

Press enter or click to view image in full size

About Goldman Sachs
Goldman Sachs is a leading global investment banking, securities, and investment management firm. Their engineering division is known for building high-performance, low-latency trading systems and risk management platforms. They look for strong fundamentals in Algorithms, System Design, and (if applicable) an interest in Finance.

Preparation Strategy
My preparation was a mix of standard DSA prep and hands-on system building.

DSA: I had solved problems on LeetCode, specifically targeting Dynamic Programming and Graph algorithms to ensure I could handle the coding rounds comfortably.
System Design: Leveraging my startup experience, I prepared extensively for Low-Level Design (LLD) and scalability questions.
Subjects: Having a clear grasp on the core Computer Science subjects which included mostly OOPs and DBMS, followed by understanding requests, and good Software Engineering practices.
Round 1: The Technical Test (HackerRank)
Duration: 1 Hour 30 Minutes

Write on Medium
The first hurdle was an intense online assessment. It was divided into 4 mandatory sections, and the tricky part was that you cannot switch between sections  each is time-bounded.

CS MCQs (30 mins): 15 questions covering OS, DBMS, and Networks. (+5 for correct, -2 for incorrect).
Programming (40 mins): 2 Medium-level coding questions.
Subjective Section (15 mins): 2 behavioral/situational questions.
Status: Cleared. I received my interview schedule for August 25th.

The Interview Day (Offline)
Location: VH3 Campus Building

The process was completely offline. Representatives from GS had visited our campus, creating a buzzing atmosphere. I arrived by 12:00 PM to find about 24 candidates in my room. The coordinators systematically shifted candidates to different panels. My turn came at 2:00 PM.

Round 2: System Design & DSA Deep Dive
Duration: 1 Hour
Interviewer: Associate (SDE2)

This round began with a deep dive into my resume, specifically my work at AWS. She asked me to sketch out the Low-Level Design (LLD) and scalability architecture of my project.

Discussion: We discussed configuring reverse proxies, adding load balancers, implementing LLM rerouters, and orchestrating agents in production.
Once she was satisfied with my design skills, we moved to DSA:

Asteroid Collision: She asked me to code and explain simultaneously. I used a Stack-based approach and proactively walked her through edge cases (e.g., asteroids of equal size colliding).
Trapping Rain Water: A classic hard problem. I initially coded a Dynamic Programming solution. She asked for an optimization to O(1) space and one pass. I quickly refactored it using the two-pointer approach.
Outcome: She appreciated my design and project skills, and I was shifted to the second waiting room.

Round 3: Advanced Algo & OOPs
Duration: 1 Hour 20 Minutes
Time: 3:30 PM
Interviewer: Associate (SDE3)

This was arguably the toughest round. The interviewer wasted no time and jumped straight into a complex Low-Level Design problem.

The Task: I was given an abstract problem statement and had to draw the UML diagram, define class entities, and apply design patterns (Factory/Strategy) on the whiteboard. This lasted about 15 minutes.
Rapid Fire: Immediately after, he grilled me on Object-Oriented Programming (OOPs) nuances and database scaling strategies.
The DSA Challenge:

Problem: Repeated String Match
Approach: I started with a Brute Force solution. He wasnt satisfied and pushed for optimization. I implemented the KMP Search algorithm. As a follow-up for further optimization, he asked for the Rabin-Karp (Rolling Hash) approach.
Outcome: Despite the grueling technical depth, he gave positive feedback. I was moved to the third waiting room. By now, I was exhausted, but the end was in sight.

Round 4: Engineering Manager (The Bar Raiser Round)
Duration: 35 Minutes
Time: 9:30 PM
Interviewer: Vice President

After a long wait, my final round began late at night. This was expected to be a behavioral HR round, but it turned into a fascinating technical discussion about Finance.

The Hook: He asked, What experiences do you have in finance?
The Deep Dive: I discussed my startup experience : building and scaling a quantitative trading firm during my sophomore years. We dug deep into:
Algorithmic Strategies: How I structured my portfolio across 3 different markets.
Compliance: Managing the legalities and litigations of operating a trading firm.
This unique experience resonated strongly with him. We wrapped up with standard vision-alignment questions:

Why Goldman Sachs?
Why should we select you?
Conclusion
Time: 10:30 PM

I was sent to a final waiting area with 7 other students. Finally, the HR team walked in and announced that they were done for the day. 5 of us were selected.

Tips for Future Aspirants
Know Your Algorithms: For GS, go through the standard Strivers sheet. You might find them handy; String Matching algorithms (KMP, Rabin-Karp) and Dynamic Programming.
Prepare for Design: They value design. Know how to think from first principles and to write maintainable code for each sub-class implementing LLD principles.
Leverage Your Background: If you have any finance experience, highlight it; acts as the perfect bar raiser.
Endurance Matters: Interview days are marathons. I started at 12 PM and finished at 10:30 PM. Stay mentally sharp until the very end.
Good Luck!",Goldman Sachs,Engineering Analyst,"December 24,2025"
medium,https://medium.com/nybles/goldman-sachs-interview-experience-cec7f0fc4333,"The recruitment process
The process began with the screening of students by the coding cum mcq round followed by 3 interview rounds. I had appeared for the interviews of two companies before, so pretty much had an idea of the flow of the entire process.

Round-1

This was an online assessment on the HackerRank platform with tab and web-proctoring enabled. The test consisted of five sections with an allotted time for each, out of which reaching the cutoff of at least 3 sections was compulsory for further consideration. The total duration of the test was 135 minutes. The first section consisted of two DSA coding questions of 30 minutes in total. The second section was of a dynamic programming question with a 45 minutes time limit. Third and fourth sections consisted of multiple choice questions. The fifth was a subjective one with two general questions. Around 30 students were shortlisted for the second round using CGPA + Round-1 score as the criteria. The further rounds were conducted on Zoom Meetings and CodePair.

Round-2

Write on Medium
This was a technical interview round. Although many of us had different experiences depending on the interviewer, mine was mainly based on Java. I was asked to code some programs and answer some application and theoretical questions based on HashMap, Stack, Heap, String Pool and some other concepts. Other than that, the interviewer asked some questions from memory management in operating systems. This round went on for about an hour. The students selected were called for Round-2.

Tip  (Company specific) Make sure you are familiar with not only the Object Oriented concepts, but also the syntactic concepts of Java if you mention the same on your resume, highly dependent on the interviewer though.

Round-3

This was a coding based interview round. I was asked a question based on dynamic programming. The interviewer was not only interested in the code, but also the exact step-by-step working of the program. I ended up making a table for the parameters computed using DP. The next question was a modification to the previous one and I was expected to modify the code accordingly. This round went on for about 4045 minutes.

Tip  Most of the time you will not be asked to run your code and sometimes only a pseudo-code is needed. In such a scenario, communication plays a vital role. Explain the working of your code to the interviewer clearly.

Some students were selected based on these two interview rounds only. Some were called for the next round.

Round-4

This was a resume based interview. I was asked to explain the projects mentioned in my resume and their implementation. Other than this, some HR interview questions were asked. This round took about 2025 minutes.

Tip  Make sure you are familiar with the tools used and know the implementation of the projects mentioned in your resume. If any project is group-based, specify the same on the resume as well and explain your contribution to the interviewer. For the HR interview questions, try being creative and convincing.

Results were announced the same day and I got the offer.


A happy Squidward indeed!
Takeaways:
The most important one is to stay calm throughout the process. It is rather a long and tiring one, stay motivated. Being over-energetic is also not advisable. Speak well but do not forget to listen well.
Having a crystal-clear understanding of the question asked is of prime importance. Ask your interviewer to explain the question again if needed. Take your time to come up with a good approach instead of directly running to the code.
Work out the solution to your problem loudly. Walk the interviewer through your entire thought process of coming up with the solution. If you are not asked to run the code, focus on explaining the working well.
If you do not know the answer to a question, be honest and inform the interviewer about some related concept you are familiar with. It is important to not give up, but at the same time do not give made-up wrong answers.
Eat well, sleep well, prepare well and do not let any failure get the better of you. Remember your hard work does pay off!",Goldman Sachs,Summer Analyst,"November 1, 2020"
medium,https://medium.com/@dipannitamahata/goldman-sachs-associate-interview-experience-94f5fc7e05b4,"This year, I got the opportunity to interview with Goldman Sachs which is one of my dream company.

I had applied multiple times from their company portal and finally got a call from LinkedIn where a recruiter approached for Associate (SDE 2) role.

The process started with a coding round. There were 4 questions of medium level with 90 mins time span. The questions were similar to the questions I had practiced from the leetcode on Greedy, Sorting and Dynamic programming topics. I was able to solve first 3 and the test cases for the 4th question were partially passed.

After 2 days, got a call from recruiter that I have cleared written and will have a telephonic round. In telephonic round, they asked basic questions to check my programming basics, discussed the different approaches I used to solve the problems in written, and easy-medium level greedy question was given to solve.

After this round went smoothly, last 4 rounds were scheduled after a week. All rounds were elimination round.

Become a Medium member
Round 1 (Coding round): Here 2 interviews joined. They asked to solve a easy-medium level coding question. At first, I told them the brute force approach but was struggling to provide an efficient solution. So, the interviews gave hints to help with the solution. I was able to understand the hints and came up with an efficient solution in nlog time complexity. Due to time constrain, they just asked to write the pseudo code and moved on to next solution. The next question was pretty straightforward based on queue and stack. After i provided the efficient solution, they added some constrains to the same question and we discussed how we can approach the solution. The interviews were quite friendly as a result the interview overall felt like a discussion with my peers.

After half an round, I got the call that round 2 is scheduled.

Round 2 (Technical round) : Here 2 seniors joined having 10+ years of experience. They asked many questions on Java, Spring boot, Microservices, Design pattern questions. At last, they ended the interview with a simple coding question.

Round 3 (System Design Round) : Here again 2 seniors joined and gave a system design question. Initially I asked a lot of questions and started explaining the design. They grilled more on some features and payment ways which I was not able to answer and ended being blank after some time. This round seemed tough to me due to lack of System design practices. At least I learnt a a lot from this round and know where do I need to focus for system design rounds.

I got rejected in this round, couldnt make to the last round. The interviewer informed within an half an hour without any delay.

I hope my interview experience helps all of you in your interview preparation .

All the best!",Goldman Sachs,SDE-2,"March 29, 2024"
medium,https://aditiaggarwal624.medium.com/goldman-sachs-internship-interview-experience-782deaf7770,"Introduction
Like many other techies out there, Goldman Sachs has been one of my dream companies right from the beginning. Its been almost 4 months since I completed my internship with Goldman Sachs. This virtual internship with Goldman Sachs was an entirely different and amazing experience for me.

The whole motive behind sharing my experience is to help final and pre-final year students who are going to appear for the interview process for the very first time. I believe writing my own experience will provide students an idea about Goldman Sachss recruitment process, so that they can prepare accordingly.

Recruitment Process
The whole recruitment process takes place in 4 rounds  1 coding round and 3 technical interviews.

Round 1 (Online Coding):
The coding round took place on HackerRank, it consisted of 4 sections to be completed within 2 hours of time.

Section 1: 2 coding questions based on priority queue and mathematics. The questions were not too tough, one just needs a clear and in-depth knowledge of data structures.

Section 2: 10 MCQs based on DBMS, Operating System, OOPs, Data Structures, Algorithms, and Mathematical problems (Probability etc). This section had negative marking.

Section 3: Advanced Coding question: This was based on string. The question was quite similar to the standard questions on GFG with some variations.

Section 4: 2 Subjective questions: Related to value education e.g. Tell us an instance of your leadership.

I was able to complete 2 coding questions and few test cases for 3rd section. MCQs were not too tough but they were tricky and I also answered both the subjective questions.

Tip : Focus on the MCQs and the subjective questions also. They are equally important. Do not leave subjective questions blank. They wont take more than 5 minutes.

Round 2(Interview):
Company presentation took place after the online coding round and the shortlisted students name were declared just after the presentation.

24 students were selected for the next round.

I started preparing for the interview. Went through several GS interview experiences from GFG and Leetcode. Looked at all my projects code, revised OOPS , OS, DBMS concepts, looked at puzzles from GFG and also looked at my bookmarked questions on InterviewBit.

Interview Round 1:

It was a 45 minutes long interview. The interview started with my introduction followed by a discussion on my projects in my resume. He asked me to explain any project whichever I liked the most. After this he asked me a coding question.

Coding question asked was a standard TREE problem i.e- finding if the 2 nodes are cousin of each other or not. He asked me to write the pseudo code and to explain my approach for solving this problem. Then he asked me some OOPS concepts like what is inheritance, abstraction and also gave me 2-3 different problems for how we will catch the errors (try-catch different situations).

He asked me puzzles. I forgot the puzzles which he asked but they were similar to the GFG puzzles.

Join The Writer's Circle event
Try to solve as many puzzles as you can on https://www.geeksforgeeks.org/puzzles/ . More or less, similar puzzles will be asked.

Tips: For every coding question,always start the solution with least time efficiency (brute force) followed by words like But we can improve its time complexity and then giving a more efficient algorithm. This will provide the interviewer better idea of knowing your problem solving abilities and how you approach to reach the optimal solution.

Interview Round 2:

It was also of 45 minutes. It started with tell my about yourself and discussion of projects and asked me some questions like situations I have faced and how I overcome that. Then asked me coding questions.

Coding questions were mainly on array and linked lists. The array question was a question I had never seen anywhere. With the help of the interviewer I was able to solve the question. Linked list questions were standard questions from GFG.

Some OS questions were asked like about deadlock whether that will happen or not and some scheduling questions too.

Tips: Keep interacting with the interviewer about the approach you are thinking of. They will help you to reach the optimal solution. So always think aloud in interviews.

Interview Round 3:

This round was the last round. In this the interviewer asked me about my projects and asked mainly DBMS questions and gave me question to design the system and about how we will create our database.

He started with basic questions of SQL and asked me to write two queries. Some more questions about Normalization (1NF, 2NF, 3NF, BCNF), joins and ACID properties were asked. He asked me a puzzle too.

In this round he didn't ask me any coding question. He asked me HR-related questions like about my interests, life goals and the efforts I had made to achieve them.

Tips: A significant time is given for resume and project discussion. So thoroughly go through your resume once before interview.

Result
These few waiting hours for the result were like the longest time of my life. I got very anxious to know the results. They called 5 students and told that there is further round for us. We went into the room where whole hiring team of Goldman Sachs was sitting and they pranked us, firstly by telling that we were not selected and our performance was not good. But after some time they congratulated us and we couldnt believe that we would be a part of Goldman Sachs.

Things to remember
Dont lie on your resume.
Know all common algos, their space and time complexities.
Think out loud during your interview, start with the worst solution, and come down to the most efficient one that you can think of.
Communication is very very important. Its not about how you speak , its about your confidence. So be confident.
Sleep well before the interview.
Use the question Do you have any questions for me? as an opportunity to develop a good bond with your interviewer.
In the end I would like to advice everyone to stay active and never feel low after rejections. I believe interviews are quite luck-or-no-luck matter. The best thing you can do is to prepare well . No matter what happens, failure is always a good thing as it will motivate you to do better the next time.

Thank you for reading my experience, I hope it helps and inspires some readers. If you enjoyed this article, feel free to hit that clap button ?? to help others find it.

Wanna know anything else related to this? Im happy to help. If you have any questions or just want to connect, reach out on Linkedin.

Good luck to everyone!??",Goldman Sachs,Technical Analyst Intern,"January 18, 2021"
medium,https://medium.com/@mitali.dixit04/software-engineer-intern-stripe-interview-experience-5eaf5a0e395c,"It all started with a LinkedIn message I wasnt really expecting. Stripe was one of my dream companies and when a recruiter reached out to me about a summer internship for the year 2025 I was super excited. The interview process was really interesting and thorough and this is what it looked like 


My Interview Timeline

August 22: Received an inmail from a Stripe recruiter on LinkedIn regarding the summer internship at the Bangalore office.


August 28: Received the Stripe University Recruiting HackerRank Challenge Invitation.

September 3: Got an invite to schedule the Team Screen interview.

September 9: Had my first interview round. However, due to some technical issues on my end, we had to reschedule.

September 10: Completed a 60-minute coding interview, where we worked on two coding problems.

September 18: Received positive feedback and an invitation to schedule two back-to-back technical interviews.

October 7: The final interview day consisted of two one-hour rounds: a Programming Round (similar to the first coding interview) and an Integration Round.

Write on Medium
October 16: Received a rejection.

I can genuinely say it was a great experience. The recruiter was incredibly responsive, actively replying to all my queries and providing valuable advice that helped me prepare for each stage.

Key Takeaways
Stripe interviews are fun and unique. Here is the advice I would give to anyone preparing for upcoming interviews:

1. Focus on Data Structure Heavy Problems

The focus was less on complex algorithms and more on the ability to write a clean, working solution using core data structures. They dont care about the time or space complexity. The goal was to write a working solution. Thats it!

For example (https://leetcode.com/problems/count-mentions-per-user/).

2. Choose Your Language Wisely

Stripe generally suggests not using C++ for interviews due to the complexities of its standard libraries, which can sometimes lead to lower scores on their rubric. I chose to use JavaScript for both my coding and integration rounds. Its crucial to pick a language you are extremely comfortable with, as you will be required to use it consistently throughout the entire process, including the debugging and integration sections. Id suggest to go with Python or JavaScript.

3. Practice for the Integration Round

This was my weakest area. The integration round is not your typical coding challenge. You need to be prepared to debug existing code, integrate APIs, and quickly read and understand documentation. I wasnt comfortable with the specific functions needed for this in JavaScript, which made the round much more difficult. My advice is to practice building small projects that involve external APIs or libraries and get comfortable reading documentation under pressure.

Overall, the experience was invaluable. The feedback was constructive, and the process gave me a clear understanding of the skills I need to work on.

Happy to connect :) Linkedin",Stripe,SWE Intern,"September 13, 2025"
medium,https://medium.com/nybles/stripe-software-engineering-intern-interview-experience-off-campus-a83b30aabed4,"Introduction
Hello! I am Debjyoti Ray, an ECE grad from the batch of 2026. I successfully cleared the interview process for a Software Engineering Intern role at Stripe.

Stripe is known for having one of the most unique and practical interview processes in the tech industry. Unlike standard LeetCode factories, Stripe focuses on real-world engineering: debugging existing code, integrating APIs, and solving problems that mimic a day on the job. My journey was a bit of a roller coaster, featuring a 2-month silence and a high-stakes exam clash, but here is exactly how it went down.

Job Profile
Role: Software Engineering Intern
Eligibility Criteria: Strong coding fundamentals & ability to work with APIs.
Application Mode: Off campus application+ Online Assessment

Press enter or click to view image in full size

About Stripe
Stripe is the financial infrastructure platform for the internet. They are famous for their developer-first approach, high-quality documentation, and their massive Ruby codebase (Sorbet). Their interviews are designed to simulate actual work: reading docs, calling APIs, and handling error codes.

Note: Stripe asks the candidates to sign a NDA because of which I cannot share the exact interview questions but Ill still share the format of interview and difficulty of questions to some extent.

Preparation Strategy
Since Stripes interviews are practical, grinding generic Dynamic Programming problems wasnt the main focus.

API Integration: I practiced making HTTP requests (GET/POST) in Python, parsing JSON payloads, and handling specific error codes
Reading Docs: I spent time reading public API documentation to understand concepts like Idempotency, Webhooks, and Pagination.
Data Processing: Instead of complex graphs, I focused on manipulating HashMaps and Lists to process transaction data efficiently using standard libraries.
Recruitment Process
The process was disjointed but thorough:

HackerRank Assessment (September)
Team Screening (November)
Virtual Onsite (VO) (December)
Hiring Manager Round (December)
Round 1: HackerRank Assessment (September)
Duration: 60 Minutes

The first step was an online coding challenge, but it felt different from standard competitive programming.

The Task: Instead of an algorithmic puzzle, I was given a Log Parsing & Data Processing task. I had to parse raw transaction logs, filter out specific error codes, and compute metrics like average latency or success rate. It felt like a script Id write to debug a production issue.
Outcome: The problem statement was clear. I passed all test cases in 45 minutes, leaving plenty of time to check edge cases.
After the OA, there was complete silence; By October I assumed I was ghosted. Suddenly, in November  two full months later  I received an email from HR reactivating my application for the next rounds.

Round 2: Team Screening (Virtual)
Duration: 60 Minutes (40 minutes (coding) + 15 minutes(behavioural))
Timeline: November

This was my first live interaction with a Stripe engineer.

Format: A multi-part question. You get Part 1, solve it, get Part 2, and so on. Each part builds on the previous one.
The Task: It involved processing a list of financial items/transactions with specific business logic constraints (e.g., handling currency conversion or balance checks).
Performance: I successfully coded and passed test cases for 3 out of 4 parts.
The Crunch: For the 4th part, time was running out. I couldnt write the full code, so I wrote down a detailed plan/pseudocode explaining exactly how I would modify my class structure to handle the new requirement.
Outcome: The interviewer appreciated the clear communication of the plan. It took 4 days, and; I received an invitation for the Virtual Onsite (VO).
Round 3: Virtual Onsite (VO)
Date: December 4th, 2025 (Early Morning)
Context: I had my end-semester exams colliding with the interview dates. I requested to push the schedule to December 4th and arranged the rounds back-to-back early in the morning to clear my schedule for studying.

Session 1: Practical Coding
Duration: 60 Minutes

This round felt like a harder version of the Team Screen, but this time I was better prepared for the format.

Learn about Mediums values
The Task: I was asked to build a Notification Scheduling System that manages the entire lifecycle of a user subscription. It wasnt about printing dates; the system had to handle dynamic state mutations.

The Challenge: The complexity lay in handling real-time updates: such as a user changing their plan or extending their subscription mid-cycle. I had to ensure that:

Future notifications were dynamically re-calculated or cancelled based on these new events (invalidation logic).
Messages reflected the correct active state of the user at that specific moment in time.
Concurrent events were handled with a strict priority precedence (e.g., deciding which email takes priority if a renewal and a plan change happen on the same day).
Performance: Although the edge cases regarding timeline conflicts were tricky, having experienced the format in the Team Screen helped immensely. I adapted quickly to the constraints and managed to solve 3 parts completely. The interviewer seemed satisfied with my logic regarding state management and code modularity.

Session 2: Integration & APIs
Duration: 60 Minutes

Task: I was given a repository with existing internal APIs and documentation. My goal was to build a script that acted as a bridge between multiple services to reconcile financial transactions.

Challenge: I had to:

Authenticate and Fetch: Handle pagination and rate limits while retrieving a large dataset of users.
Process & Validate: Implement local logic to filter and transform the data based on business rules found in the documentation.
Finalize State: POST the processed results to a separate downstream service, ensuring I handled idempotency and HTTP error codes (like 400 vs 500) gracefully.
Environment: I spent time reading the README to understand the JSON payload structure and the expected response schemas.

Performance: By now, I worked smoothly through the tasks, implementing robust error handling and clean data transformation pipelines. I finished 4 parts of the problem efficiently. I felt very confident in this round, and explained all the intermediate steps and design decisions in my logic flow.

Outcome: Both interviewers were visibly happy with my performance. The rounds went smoothly, validating my preparation strategy. Within the next 3 hours, my feedback was circulated, and I was invited to the final HM round at 4pm. I received a call from the HR confirming my availability, and I was ready for the next round.

Round 4: Hiring Manager (Behavioural)
Duration: 45 Minutes

The final round was with a Hiring Manager. This wasnt technical; it was a deep dive into my history and Stripe fit.

Experience: We discussed my previous internship at Amazon and the specifics of my projects there.
Key Questions:

Where do you see yourself in 5 years?
Why Stripe? (Why fintech infrastructure specifically?)
How do you handle team collaboration?
Tell me about a time you had to take a difficult decision.
How do you take feedback?
Insight: Stripe cares deeply about humility and collaboration. They want to know if you are someone who seeks feedback or gets defensive.

The Verdict (HR Round)
The result came quickly. The very next day at 3:30 PM, I received a call from HR. We spent about 20 minutes discussing my experience throughout the process, and then they officially extended the offer!

Tips for Stripe Aspirants
Dont LeetCode Blindly: Practice reading documentation and implementing simple API wrappers.
Communicate Your Plan: In the Team Screening, writing the plan for Part 4 saved me. If you run out of time, show them you know the solution.
Be Google-Fu Ready: In practical rounds, you are often allowed to look up syntax. Get good at searching for library documentation quickly.
Know Your Resume: The HM grilled me on my Amazon experience. Be ready to explain your past work in detail.
Final Thought
Stripes interview process is refreshing because it tests engineering, not just algorithm memorisation. Once you understand the format: reading docs, handling APIs, and managing time: it becomes much easier to navigate. Stay calm, communicate your plan, and read the docs carefully.

Good luck!",Stripe,SWE Intern,"December 22, 2025"
medium,https://medium.com/@anqi.silvia/my-2025-anthropic-software-engineer-interview-experience-9fc15cd81a99,"I recently completed my entire SWE interview process with Anthropic. My overall impression was that Anthropic interview process and Anthropic interview questions format differed significantly from what is typically seen at traditional tech companies. They focused heavily on assessing practical skills over rote patterns. The questions across the rounds were very broad, and the follow-up questions were incredibly in-depth.

As a result, it was essential to have a systematic understanding of topics like system design, retrieval algorithms, distributed consistency, and performance optimization.

Before Anthropic, I have passed Roblox software engineer interview, here's My 2026 Roblox SWE Interview Process and Questions.

I am really grateful for the tool Linkjob AI, and that's also why I'm sharing my entire interview experience here. Having an undetectable AI interview assistant to generate code answers for me is indeed very convenient.

Now, I'd like to share a detailed breakdown of my interview process and the specific questions I was asked in each round. I hope this helps others who are preparing.

Anthropic Software Engineer Interview Process & Timeline
Here's how my interview journey unfolded:

Recruiter Call (30 minutes)

OA (90 minutes)

Hiring Manager Call (1 hour)

Virtual Onsite (4 hours)

Anthropic Software Engineer Interview Stages
Recruiter Call
The discussion primarily centered on my background and motivations. The interviewer was particularly interested in gauging my passion for Anthropic and my grasp of their core principles. We also touched upon my career goals.

Anthropic OA
This round was 90 minutes long, with one question divided into four levels. I had to complete the previous level and pass all unit tests to unlock the next one. This meant I had to constantly modify the existing code throughout the process.

I felt that each individual function wasn't difficult on its own, but with the four levels building on each other and the time needed to fully understand the prompt, the time felt a bit tight.

Here are the original questions I encountered:

Overall Task Description:
My task was to implement a simplified in-memory database, completing it sequentially according to the specifications for Level 1 through Level 4. Each level had to pass all tests before the next one could be unlocked. The system received a series of queries and ultimately output a string array containing the return values of all queries, with each query corresponding to one operation.

Level 1: Basic Record Operations
The foundational layer of the in-memory database contains records. Each record is accessed by a unique string identifier, or key. A record can contain multiple pairs of field and value (both field and value are of string type). It supports the following three types of operations:

SET <key> <field> <value>: Inserts a ""field - value"" pair into the record corresponding to the key. If the field already exists in the record, the old value is replaced with the new one. If the record does not exist, a new one is created. This operation returns an empty string.

GET <key> <field>: Returns the value associated with the field in the record corresponding to the key. If the record or field does not exist, it returns an empty string.

DELETE <key> <field>: Removes the field from the record corresponding to the key. If the field is successfully deleted, it returns ""true"". If the key or field does not exist, it returns ""false"".

Example

queries = [
    [""SET"", ""A"", ""B"", ""E""],
    [""SET"", ""A"", ""C"", ""F""],
    [""GET"", ""A"", ""B""],
    [""GET"", ""A"", ""D""],
    [""DELETE"", ""A"", ""B""],
    [""DELETE"", ""A"", ""D""]
]
The return values after execution are, in order: """" (SET operation), """" (SET operation), ""E"" (GET operation, retrieves the value of field B from record A), """" (GET operation, record A has no field D), ""true"" (DELETE operation, successfully deleted field B from record A), ""false"" (DELETE operation, record A has no field D).

Level 2: Displaying Record Fields Based on Filters
The database supports displaying data based on filters, with the addition of the following two operations:

SCAN <key>: Returns a string of fields for the record corresponding to the key, in the format ""<field1>(<value1>), <field2>(<value2>), ..."" (fields are sorted alphabetically). If the record does not exist, it returns an empty string.

SCAN_BY_PREFIX <key> <prefix>: Returns a string of fields for the record corresponding to the key where the field names start with the specified prefix. The format is the same as SCAN (fields are sorted alphabetically).

Example

queries = [
    [""SET"", ""A"", ""BC"", ""E""],
    [""SET"", ""A"", ""BD"", ""F""],
    [""SET"", ""A"", ""C"", ""G""],
    [""SCAN_BY_PREFIX"", ""A"", ""B""],
    [""SCAN"", ""A""],
    [""SCAN_BY_PREFIX"", ""B"", ""B""]
]
The output after execution is ["""", """", """", ""BC(E), BD(F)"", ""BC(E), BD(F), C(G)"", """"].

I had a great experience using Linkjob AI during the Anthropic interview process. It provided the logic, the full code, and helped with debugging. It went undetected, and I passed smoothly despite the tight time limit with its help.


AI coding interview copilot
Level 3: TTL (Time-to-Live) Configuration
The database now supports timelines for records and fields, as well as TTL settings. Timestamped versions of previous level operations have been added, and backward compatibility must be maintained. The new operations are as follows:

SET_AT <key> <field> <value> <timestamp>: Similar to SET, but with a specified operation timestamp. Returns an empty string.

SET_AT_WITH_TTL <key> <field> <value> <timestamp> <ttl>: Similar to SET, but also sets a TTL (Time-to-Live) for the ""field - value"" pair. The pair is valid for the period [timestamp, timestamp + ttl). Returns an empty string.

DELETE_AT <key> <field> <timestamp>: Similar to DELETE, but with a specified operation timestamp. If the field exists and is successfully deleted, it returns ""true"". If the key does not exist, it returns ""false"".

GET_AT <key> <field> <timestamp>: Similar to GET, but with a specified operation timestamp.

SCAN_AT <key> <timestamp>: Similar to SCAN, but with a specified operation timestamp.

SCAN_BY_PREFIX_AT <key> <prefix> <timestamp>: Similar to SCAN_BY_PREFIX, but with a specified operation timestamp.

Example 1

queries = [
    [""SET_AT_WITH_TTL"", ""A"", ""BC"", ""E"", ""1"", ""9""],
    [""SET_AT_WITH_TTL"", ""A"", ""BC"", ""E"", ""5"", ""10""],
    [""SET_AT"", ""A"", ""BD"", ""F"", ""5""],
    [""SCAN_BY_PREFIX_AT"", ""A"", ""B"", ""14""],
    [""SCAN_BY_PREFIX_AT"", ""A"", ""B"", ""15""]
]
The output after execution is ["""", """", """", ""BC(E), BD(F)"", ""BD(F)""].

Example 2

queries = [
    [""SET_AT"", ""A"", ""B"", ""C"", ""1""],
    [""SET_AT_WITH_TTL"", ""X"", ""Y"", ""Z"", ""2"", ""15""],
    [""GET_AT"", ""X"", ""Y"", ""3""],
    [""SET_AT_WITH_TTL"", ""A"", ""D"", ""E"", ""4"", ""10""],
    [""SCAN_AT"", ""A"", ""13""],
    [""SCAN_AT"", ""X"", ""16""],
    [""SCAN_AT"", ""X"", ""17""],
    [""DELETE_AT"", ""X"", ""Y"", ""20""]
]
The output after execution is ["""", """", ""Z"", """", ""B(C), D(E)"", ""Y(Z)"", """", ""false""].

Level 4: File Compression and Decompression
This level supports file compression and decompression operations:

COMPRESS_FILE <userid> <name>: Compresses a file named name owned by the user userid. The name must not be that of a compressed file (i.e., it must not end with .compressed). The compressed file is renamed to name.compressed and its size becomes half of the original (file size is guaranteed to be an even number). The compressed file is owned by userid, and the original file is removed. If the compression is successful, it returns a string of the user's remaining storage capacity; otherwise, it returns an empty string.

DECOMPRESS_FILE <userid> <name>: Decompresses a compressed file named name owned by the user userid. The name must end with .compressed. The decompressed file reverts to its original name. If the user's storage capacity is exceeded after decompression, or if an uncompressed file with the same name already exists, the operation fails and returns an empty string. If successful, it returns a string of the user's remaining capacity.

Example

queries = [
    [""ADD_USER"", ""user1"", ""1000""],
    [""ADD_USER"", ""user2"", ""5000""],
    [""ADD_FILE_BY"", ""user1"", ""/dir/file.mp4"", ""500""],
    [""COMPRESS_FILE"", ""user2"", ""/dir/file.mp4""],
    [""COMPRESS_FILE"", ""user3"", ""/dir/file.mp4""],
    [""COMPRESS_FILE"", ""user1"", ""/folder/non_existing_file""],
    [""COMPRESS_FILE"", ""user1"", ""/dir/file.mp4""],
    [""GET_FILE_SIZE"", ""/dir/file.mp4.COMPRESSED""],
    [""GET_FILE_SIZE"", ""/dir/file.mp4""],
    [""COPY_FILE"", ""/dir/file.mp4.COMPRESSED"", ""/file.mp4.COMPRESSED""],
    [""ADD_FILE_BY"", ""user1"", ""/dir/file.mp4"", ""300""],
    [""DECOMPRESS_FILE"", ""user1"", ""/dir/file.mp4.COMPRESSED""],
    [""DECOMPRESS_FILE"", ""user2"", ""/dir/file.mp4.COMPRESSED""],
    [""DECOMPRESS_FILE"", ""user1"", ""/dir/file.mp4.COMPRESSED""],
    [""DECOMPRESS_FILE"", ""user1"", ""/file.mp4.COMPRESSED""]
]
The return value for each operation needs to be determined based on logical judgments such as ""user existence, file ownership, storage capacity, and file existence"", with the final output being the corresponding results.


Dive In Now !
Watch a 1 min Demo
Anthropic Hiring Manager Interview
This round was mostly a project deep dive and a deeply technical discussion. The hiring manager asked me many detailed questions, and I felt I needed to have a very deep understanding of the implementation details. With a little time left, we then went back to discussing the team's work.

Anthropic Onsite Interview
This stage consisted of four different interviews. By the end, I truly felt that Anthropic's hiring bar was very high. They were deeply focused on my ability to solve practical, real-world problems.

They also had a habit of combining system design and algorithms into a single question and kept following up with edge-case scenarios in real business contexts. So just grinding LeetCode wasn't enough for me. I also needed a deep, hands-on understanding of large-scale system design principles and optimization techniques. I had to think through the entire process, from theoretical concepts all the way to real-world implementation.

Large-Scale Distributed Systems Design
This round's core challenge was to design a distributed system to handle massive amounts of data. My task was to design a distributed search system capable of handling a billion documents and a million QPS, while also managing LLM inference for over 10,000 requests per second.

At first, I thought it would be a standard system design problem, but the interviewer kept digging into the details: How do you avoid hotspots? What's the most efficient way to merge and sort results across shards? They also pushed me on LLM-specific challenges like load balancing, auto-scaling, and GPU memory management. Every question drove me to think about production-level details, and there were several moments where I almost couldn't come up with an answer.

Advanced Search & Ranking Algorithms
The focus of this round was on designing a system that provides high-quality search results. The problem required me to design a Hybrid Search system that combines traditional text retrieval with semantic similarity.

I was asked how to find the top-k similar documents from a corpus of over 10M documents with a response time under 50ms. I mentioned the LSH (Locality-Sensitive Hashing) algorithm, but I wasn't skilled enough with the implementation details, especially regarding the choice of the hash function and optimization techniques. We also discussed how to normalize different scores, tune the alpha hyperparameter, and systematically evaluate search quality. There was a pitfall in every question, and it was easy to miss key details.

System Troubleshooting & Performance Debugging
This round was a classic ""incident"" response scenario and a deeply technical discussion. The interviewer threw me a problem: a system's 95th percentile latency had spiked from 100ms to 2000ms.

I had to quickly locate the bottleneck and prioritize optimization efforts while designing a full-stack monitoring system. The questions also extended to finding issues like race conditions and memory leaks in a buggy message queue system. This round was a huge test of my systematic thinking and hands-on experience; you really had to have a deep understanding of the underlying implementation to succeed.

Large-Scale Data Processing & Indexing
The final round centered on the starting point of the data pipeline: how to handle the ingestion and indexing of a billion documents. This topic was closely tied to designing a concurrent Web Crawler.

I had to consider how to build an efficient crawler that could handle robots.txt, rate limiting, and circular references, while ensuring the entire data pipeline was scalable, consistent, and fault-tolerant. The core challenge was guaranteeing data integrity and freshness, especially if a node were to suddenly go down. This stage was a comprehensive test of my complete system design knowledge, leaving no room for shortcuts.

Anthropic SWE Interview Questions
When preparing for my interviews, I also compiled some experiences from others and combined them with the questions I was asked. I'm including them here to provide a more comprehensive overview.


Culture Fit
The cultural fit questions were primarily based on Anthropic's core values, with a significant focus on safety. The questions I was asked include:

Tell me about a time when you made a safety-related decision in a project.
Sample Answer: I worked on a new payment API for an e-commerce platform with a tight deadline. The original design used a cache to boost performance, but I identified a security risk: a data breach of the cache could expose sensitive user information.

I decided to prioritize safety over speed. I presented a detailed analysis of the risk to my team and proposed an alternative, more secure architecture that bypassed the cache.

The team agreed with my assessment. We adopted my solution, and the project launched successfully with no security issues. This experience taught me the importance of prioritizing user safety and security, even at the cost of immediate performance gains.

Can you describe your understanding of Anthropic's core mission and how it influences its approach to building AI systems?
Sample Answer: Anthropic's core mission is to build reliable, interpretable, and steerable AI systems. This mission is deeply rooted in a commitment to AI safety and ensuring that increasingly capable and sophisticated AI systems are aligned with human values and welfare. Unlike some other AI companies that might prioritize raw capability or rapid deployment above all else, Anthropic places a strong emphasis on understanding and controlling AI behavior to prevent unintended consequences.

How does Anthropic's focus on AI safety and interpretability differ from other major AI labs, and what are the system design implications of this focus?
Sample Answer: Anthropic's focus on AI safety and interpretability is a key differentiator from many other major AI labs. While most labs acknowledge the importance of safety, Anthropic has made it a central pillar of their identity and research from the outset.

Behavioral Interview
A particularly memorable question I was asked was about a time when a technical misjudgment led to a project delay. I shared a story about a failed algorithm optimization. The interviewer's follow-up question was about what lessons I learned from the experience.

While the question was quite broad, I felt this was an advantage. It allowed me to fill in more details about my technical abilities and soft skills that I wanted the interviewer to know. I was able to discuss some of the improvement plans and follow-up actions I had considered during my project post-mortem.

Here are some additional behavioral questions for reference:

What's your perspective on AI's risks?

What's your biggest concern about AI?

What would you do if, midway through a project, you realized it was actually unfeasible or couldn't be completed?

Anthropic Software Engineer Interview Experience & Strategies
Anthropic interviewers care about how I think and communicate, not just the final answer. I made sure to talk through my approach. If I got stuck, I explained my reasoning and asked clarifying questions. This helped me show my problem-solving process.

Anthropic Software Engineer Interview Answering Strategies
Here's what worked for me:

I used real stories from my past projects. I described what I did, why I did it, and what I learned.

I avoided generic answers. Anthropic doesn't want textbook responses. They want to see how I handle real challenges.

I focused on clear communication. I explained my code and design choices step by step. If I made a mistake, I owned it and corrected myself.

I showed genuine motivation for working at Anthropic. I talked about my interest in responsible AI and how I align with their mission.

I used the STAR method (Situation, Task, Action, Result) for behavioral questions. This helped me stay organized and concise.

Anthropic Software Engineer Interview Preparation Tips
Getting ready for the anthropic software engineer interview took more than just coding practice. I wanted to cover all my bases, so I built a routine that helped me feel confident and prepared.

Here's my step-by-step approach:

Identify Key Skills
I started by reviewing the job description. I made a list of the technical skills Anthropic wanted, like Python, system design, and AI safety.

Utilize Online Resources
I practiced coding problems on LeetCode. I also took Coursera courses to brush up on algorithms and data structures.

Work on Real-World Projects
I contributed to open-source projects and built a small AI tool on my own. These experiences gave me stories to share during the interview.

Stay Current
I read blogs, joined webinars, and attended meetups to keep up with industry trends.

FAQ
How is the Anthropic interview experience different from a typical FAANG-style interview?
The biggest difference is the shift from rote pattern recognition to practical, real-world problem-solving. While traditional interviews often test your ability to solve a single, isolated problem, Anthropic's questions are layered and have extensive follow-ups. You're not just expected to know a LeetCode pattern; you must understand the underlying principles and be able to apply them to complex, open-ended scenarios.

What technical areas should I focus on most when preparing for Anthropic engineering manager interview?
Based on my experience, you should have a systematic and in-depth understanding of:

Large-Scale Distributed Systems: How to design systems for massive scale, including topics like sharding, load balancing, and fault tolerance.

Data Processing & Indexing: The full pipeline, from data ingestion (e.g., crawlers) to building efficient search indexes.

Performance & Optimization: How to profile, debug, and optimize a system, especially for issues like high latency or memory leaks.

AI/ML Concepts: You don't need to be a research scientist, but a solid grasp of concepts like LLM serving, GPU memory management, and modern search algorithms (e.g., hybrid search, semantic similarity) is crucial.

This also suits for anthropic security engineer interview.

What's the key to succeeding in the multi-level coding challenges?
The main challenge is to write extensible and robust code from the start. Each new level adds complexity and requires you to modify your existing solution. Instead of just solving the first problem, you should think about how your design can adapt to future requirements. It's a test of your ability to write clean, modular code that can handle new features and edge cases without needing a complete rewrite.",Anthropic,SWE,"September 12, 2025"
medium,https://medium.com/@karlkwon/anthropic-interview-experience-as-software-engineer-a-high-intensity-technical-deep-dive-6dc1526f1221,"1. Straight to Business: No Intro, Just Code
The interview was as intense and direct as Anthropics reputation suggests. There was no time for traditional introductions or ice-breaking. As soon as we confirmed names, we dived straight into the coding environment. It was clear that the next 45 minutes were solely about raw technical ability and problem-solving under pressure.

2. Part 1: Bulk Image Processing Pipeline
The task was to apply multiple transformation pipelines (stored as JSON arrays in a pipelines folder) to every image file in an images folder, then output the results.

The Challenge: I had to use the PIL (Pillow) library, which I had never used before.
The Execution: I conducted real-time research, analyzed examples on the fly, and implemented the logic live. Despite the unfamiliarity with the library, I focused on building a clean execution flow that could handle the mapping of JSON instructions to image actions.
3. Part 2: Concurrency & Performance Optimization
Once the functional logic was in place, the focus shifted to performance. The problem statement included strict constraints:

Execution Time Limit: 30 seconds
Memory Limit: 4GB
I utilized ThreadPoolExecutor to implement concurrency. Since this was an area I had prepared for extensively, the implementation was smooth. The overall Time Complexity was `O(I * P *T)`

4. Reflections: The Trap of Overthinking
Looking back, I realized I fell into the trap of overthinking during the first phase. In my attempt to showcase senior-level architectural thinking, I complicated a problem that required a more straightforward solution.

Become a Medium member
While the outcome wasnt what I hoped for, the experience was invaluable. Learning a new library in minutes, handling bulk data under strict hardware limits, and implementing thread-safe logic were great tests of my engineering mettle. Im walking away with a clearer understanding of how to balance complexity and speed during high-stakes live coding.",Anthropic,SWE,"January 20, 2026"
